player_normalized,prop_type,line,is_alt_line,game_date,betmgm_over_odds,draftkings_over_odds,fanduel_over_odds,betmgm_under_odds,draftkings_under_odds,fanduel_under_odds,best_over,best_over_book,best_under,best_under_book
adem bona,assists,0.5,True,2026-04-04,,101.0,,,,,101.0,,,
adem bona,assists,2.5,True,2026-04-04,,1680.0,,,,,1680.0,,,
adem bona,points,5.5,False,2026-04-04,-120.0,-126.0,,-110.0,-101.0,,-120.0,,-101.0,
adem bona,points,5.5,True,2026-04-04,,-125.0,,,,,-125.0,,,
adem bona,points,7.5,True,2026-04-04,,167.0,,,,,167.0,,,
adem bona,points,9.5,True,2026-04-04,425.0,324.0,340.0,,,,425.0,,,
adem bona,points,11.5,True,2026-04-04,,600.0,,,,,600.0,,,
adem bona,points,14.5,True,2026-04-04,,1380.0,1200.0,,,,1380.0,,,
adem bona,points,17.5,True,2026-04-04,,2500.0,,,,,2500.0,,,
adem bona,rebounds,2.5,True,2026-04-04,-800.0,-630.0,-750.0,,,430.0,-630.0,,430.0,
adem bona,rebounds,3.5,True,2026-04-04,,-276.0,-310.0,,,220.0,-276.0,,220.0,
adem bona,rebounds,4.5,False,2026-04-04,-150.0,-142.0,,110.0,108.0,,-142.0,,110.0,
adem bona,rebounds,4.5,True,2026-04-04,-150.0,-145.0,-158.0,,,118.0,-145.0,,118.0,
adem bona,rebounds,5.5,False,2026-04-04,,,116.0,,,-148.0,116.0,,-148.0,
adem bona,rebounds,5.5,True,2026-04-04,,120.0,114.0,,,-152.0,120.0,,-152.0,
adem bona,rebounds,6.5,True,2026-04-04,230.0,202.0,188.0,,,-260.0,230.0,,-260.0,
adem bona,rebounds,7.5,True,2026-04-04,,326.0,310.0,,,-470.0,326.0,,-470.0,
adem bona,rebounds,8.5,True,2026-04-04,,511.0,490.0,,,-900.0,511.0,,-900.0,
adem bona,rebounds,9.5,True,2026-04-04,,780.0,630.0,,,,780.0,,,
adem bona,rebounds,10.5,True,2026-04-04,,1180.0,,,,,1180.0,,,
adem bona,rebounds,11.5,True,2026-04-04,,1720.0,1400.0,,,,1720.0,,,
adem bona,rebounds,13.5,True,2026-04-04,,,3000.0,,,,3000.0,,,
anthony edwards,assists,1.5,True,2026-04-05,,,-1100.0,,,,-1100.0,,,
anthony edwards,assists,2.5,True,2026-04-05,,-291.0,,,,,-291.0,,,
anthony edwards,assists,3.5,False,2026-04-05,,-119.0,-114.0,,-111.0,-114.0,-114.0,,-111.0,
anthony edwards,assists,3.5,True,2026-04-05,,-116.0,-113.0,,,,-113.0,,,
anthony edwards,assists,4.5,True,2026-04-05,,186.0,,,,,186.0,,,
anthony edwards,assists,5.5,True,2026-04-05,,395.0,420.0,,,,420.0,,,
anthony edwards,assists,6.5,True,2026-04-05,,800.0,,,,,800.0,,,
anthony edwards,assists,7.5,True,2026-04-05,,1520.0,1400.0,,,,1520.0,,,
anthony edwards,assists,8.5,True,2026-04-05,,2500.0,,,,,2500.0,,,
anthony edwards,points,14.5,True,2026-04-05,,-1820.0,-2500.0,,,,-1820.0,,,
anthony edwards,points,17.5,True,2026-04-05,,-710.0,,,,,-710.0,,,
anthony edwards,points,19.5,True,2026-04-05,,-421.0,-430.0,,,,-421.0,,,
anthony edwards,points,24.5,True,2026-04-05,,-140.0,-148.0,,,,-140.0,,,
anthony edwards,points,25.5,False,2026-04-05,,-115.0,-122.0,,-110.0,-108.0,-115.0,,-108.0,
anthony edwards,points,25.5,True,2026-04-05,,-116.0,,,,,-116.0,,,
anthony edwards,points,29.5,True,2026-04-05,,187.0,180.0,,,,187.0,,,
anthony edwards,points,34.5,True,2026-04-05,,475.0,430.0,,,,475.0,,,
anthony edwards,points,39.5,True,2026-04-05,,1180.0,1000.0,,,,1180.0,,,
anthony edwards,points,44.5,True,2026-04-05,,2400.0,2000.0,,,,2400.0,,,
anthony edwards,rebounds,2.5,True,2026-04-05,,-650.0,,,,,-650.0,,,
anthony edwards,rebounds,3.5,True,2026-04-05,,-252.0,-225.0,,,,-225.0,,,
anthony edwards,rebounds,4.5,False,2026-04-05,,-118.0,-102.0,,-111.0,-130.0,-102.0,,-111.0,
anthony edwards,rebounds,4.5,True,2026-04-05,,-116.0,,,,,-116.0,,,
anthony edwards,rebounds,5.5,True,2026-04-05,,169.0,210.0,,,,210.0,,,
anthony edwards,rebounds,6.5,True,2026-04-05,,321.0,,,,,321.0,,,
anthony edwards,rebounds,7.5,True,2026-04-05,,600.0,800.0,,,,800.0,,,
anthony edwards,rebounds,8.5,True,2026-04-05,,1060.0,,,,,1060.0,,,
anthony edwards,rebounds,9.5,True,2026-04-05,,,1700.0,,,,1700.0,,,
anthony edwards,threes,0.5,True,2026-04-05,,,-4500.0,,,,-4500.0,,,
anthony edwards,threes,1.5,True,2026-04-05,,,-520.0,,,,-520.0,,,
anthony edwards,threes,2.5,False,2026-04-05,,,-166.0,,,124.0,-166.0,,124.0,
anthony edwards,threes,2.5,True,2026-04-05,,,-162.0,,,,-162.0,,,
anthony edwards,threes,3.5,True,2026-04-05,,,154.0,,,,154.0,,,
anthony edwards,threes,4.5,True,2026-04-05,,,350.0,,,,350.0,,,
anthony edwards,threes,5.5,True,2026-04-05,,,750.0,,,,750.0,,,
anthony edwards,threes,6.5,True,2026-04-05,,,1400.0,,,,1400.0,,,
anthony edwards,threes,7.5,True,2026-04-05,,,3000.0,,,,3000.0,,,
ausar thompson,assists,1.5,True,2026-04-04,,,-720.0,,,,-720.0,,,
ausar thompson,assists,2.5,True,2026-04-04,-295.0,-225.0,,,,,-225.0,,,
ausar thompson,assists,3.5,False,2026-04-04,110.0,108.0,118.0,-145.0,-142.0,-150.0,118.0,,-142.0,
ausar thompson,assists,3.5,True,2026-04-04,,107.0,118.0,,,,118.0,,,
ausar thompson,assists,4.5,True,2026-04-04,185.0,236.0,,,,,236.0,,,
ausar thompson,assists,5.5,True,2026-04-04,,492.0,540.0,,,,540.0,,,
ausar thompson,assists,6.5,True,2026-04-04,750.0,990.0,,,,,990.0,,,
ausar thompson,assists,7.5,True,2026-04-04,,1860.0,1700.0,,,,1860.0,,,
ausar thompson,points,5.5,True,2026-04-04,,-820.0,,,,,-820.0,,,
ausar thompson,points,7.5,True,2026-04-04,,-298.0,,,,,-298.0,,,
ausar thompson,points,9.5,False,2026-04-04,-120.0,,-118.0,-110.0,,-108.0,-118.0,,-108.0,
ausar thompson,points,9.5,True,2026-04-04,-120.0,-138.0,-118.0,,,,-118.0,,,
ausar thompson,points,10.5,False,2026-04-04,,107.0,,,-137.0,,107.0,,-137.0,
ausar thompson,points,10.5,True,2026-04-04,,107.0,,,,,107.0,,,
ausar thompson,points,11.5,True,2026-04-04,,141.0,,,,,141.0,,,
ausar thompson,points,14.5,True,2026-04-04,450.0,354.0,360.0,,,,450.0,,,
ausar thompson,points,17.5,True,2026-04-04,,840.0,,,,,840.0,,,
ausar thompson,points,19.5,True,2026-04-04,,1460.0,1200.0,,,,1460.0,,,
ausar thompson,rebounds,2.5,True,2026-04-04,-2000.0,-1620.0,,,,,-1620.0,,,
ausar thompson,rebounds,3.5,True,2026-04-04,,-592.0,-720.0,,,,-592.0,,,
ausar thompson,rebounds,4.5,True,2026-04-04,-275.0,-281.0,,,,,-275.0,,,
ausar thompson,rebounds,5.5,False,2026-04-04,-135.0,-150.0,,100.0,114.0,,-135.0,,114.0,
ausar thompson,rebounds,5.5,True,2026-04-04,,-152.0,-148.0,,,,-148.0,,,
ausar thompson,rebounds,6.5,False,2026-04-04,,,126.0,,,-162.0,126.0,,-162.0,
ausar thompson,rebounds,6.5,True,2026-04-04,135.0,117.0,,,,,135.0,,,
ausar thompson,rebounds,7.5,True,2026-04-04,,195.0,220.0,,,,220.0,,,
ausar thompson,rebounds,8.5,True,2026-04-04,,326.0,,,,,326.0,,,
ausar thompson,rebounds,9.5,True,2026-04-04,625.0,508.0,540.0,,,,625.0,,,
ausar thompson,rebounds,10.5,True,2026-04-04,,800.0,,,,,800.0,,,
ausar thompson,rebounds,11.5,True,2026-04-04,,1240.0,1400.0,,,,1400.0,,,
ayo dosunmu,assists,1.5,True,2026-04-05,,,-1800.0,,,,-1800.0,,,
ayo dosunmu,assists,3.5,False,2026-04-05,,,-172.0,,,126.0,-172.0,,126.0,
ayo dosunmu,assists,3.5,True,2026-04-05,,,-166.0,,,,-166.0,,,
ayo dosunmu,assists,5.5,True,2026-04-05,,,285.0,,,,285.0,,,
ayo dosunmu,assists,7.5,True,2026-04-05,,,1060.0,,,,1060.0,,,
ayo dosunmu,assists,9.5,True,2026-04-05,,,2500.0,,,,2500.0,,,
ayo dosunmu,points,7.5,True,2026-04-05,,-1260.0,,,,,-1260.0,,,
ayo dosunmu,points,9.5,True,2026-04-05,,-554.0,-650.0,,,,-554.0,,,
ayo dosunmu,points,11.5,True,2026-04-05,,-287.0,,,,,-287.0,,,
ayo dosunmu,points,14.5,False,2026-04-05,,-124.0,,,-103.0,,-124.0,,-103.0,
ayo dosunmu,points,14.5,True,2026-04-05,,-126.0,-130.0,,,,-126.0,,,
ayo dosunmu,points,15.5,False,2026-04-05,,,-102.0,,,-130.0,-102.0,,-130.0,
ayo dosunmu,points,17.5,True,2026-04-05,,166.0,,,,,166.0,,,
ayo dosunmu,points,19.5,True,2026-04-05,,264.0,265.0,,,,265.0,,,
ayo dosunmu,points,24.5,True,2026-04-05,,800.0,800.0,,,,800.0,,,
ayo dosunmu,points,29.5,True,2026-04-05,,2100.0,1800.0,,,,2100.0,,,
ayo dosunmu,rebounds,2.5,True,2026-04-05,,-780.0,,,,,-780.0,,,
ayo dosunmu,rebounds,3.5,True,2026-04-05,,-294.0,-280.0,,,,-280.0,,,
ayo dosunmu,rebounds,4.5,False,2026-04-05,,-136.0,-122.0,,103.0,-108.0,-122.0,,103.0,
ayo dosunmu,rebounds,4.5,True,2026-04-05,,-138.0,,,,,-138.0,,,
ayo dosunmu,rebounds,5.5,True,2026-04-05,,143.0,176.0,,,,176.0,,,
ayo dosunmu,rebounds,6.5,True,2026-04-05,,263.0,,,,,263.0,,,
ayo dosunmu,rebounds,7.5,True,2026-04-05,,484.0,600.0,,,,600.0,,,
ayo dosunmu,rebounds,8.5,True,2026-04-05,,860.0,,,,,860.0,,,
ayo dosunmu,rebounds,9.5,True,2026-04-05,,1440.0,1500.0,,,,1500.0,,,
ayo dosunmu,threes,0.5,True,2026-04-05,,-516.0,-620.0,,,,-516.0,,,
ayo dosunmu,threes,1.5,False,2026-04-05,,-115.0,-118.0,,-115.0,-112.0,-115.0,,-112.0,
ayo dosunmu,threes,1.5,True,2026-04-05,,-114.0,-115.0,,,,-114.0,,,
ayo dosunmu,threes,2.5,True,2026-04-05,,265.0,265.0,,,,265.0,,,
ayo dosunmu,threes,3.5,True,2026-04-05,,710.0,700.0,,,,710.0,,,
ayo dosunmu,threes,4.5,True,2026-04-05,,1660.0,1900.0,,,,1900.0,,,
brandon ingram,assists,1.5,True,2026-04-05,,,-700.0,,,,-700.0,,,
brandon ingram,assists,3.5,False,2026-04-05,,,104.0,,,-138.0,104.0,,-138.0,
brandon ingram,assists,3.5,True,2026-04-05,,,106.0,,,,106.0,,,
brandon ingram,assists,5.5,True,2026-04-05,,,450.0,,,,450.0,,,
brandon ingram,assists,7.5,True,2026-04-05,,,1400.0,,,,1400.0,,,
brandon ingram,points,9.5,True,2026-04-05,,,-4000.0,,,,-4000.0,,,
brandon ingram,points,11.5,True,2026-04-05,,-1420.0,,,,,-1420.0,,,
brandon ingram,points,14.5,True,2026-04-05,,-489.0,-460.0,,,,-460.0,,,
brandon ingram,points,17.5,True,2026-04-05,,-224.0,,,,,-224.0,,,
brandon ingram,points,19.5,True,2026-04-05,,-141.0,-136.0,,,,-136.0,,,
brandon ingram,points,20.5,False,2026-04-05,,-112.0,-108.0,,-114.0,-122.0,-108.0,,-114.0,
brandon ingram,points,20.5,True,2026-04-05,,-112.0,,,,,-112.0,,,
brandon ingram,points,24.5,True,2026-04-05,,207.0,210.0,,,,210.0,,,
brandon ingram,points,29.5,True,2026-04-05,,569.0,540.0,,,,569.0,,,
brandon ingram,points,34.5,True,2026-04-05,,1420.0,1300.0,,,,1420.0,,,
brandon ingram,points,39.5,True,2026-04-05,,3000.0,3000.0,,,,3000.0,,,
brandon ingram,rebounds,3.5,True,2026-04-05,,,-350.0,,,,-350.0,,,
brandon ingram,rebounds,5.5,False,2026-04-05,,,122.0,,,-162.0,122.0,,-162.0,
brandon ingram,rebounds,5.5,True,2026-04-05,,,124.0,,,,124.0,,,
brandon ingram,rebounds,7.5,True,2026-04-05,,,420.0,,,,420.0,,,
brandon ingram,rebounds,9.5,True,2026-04-05,,,1060.0,,,,1060.0,,,
brandon ingram,threes,0.5,True,2026-04-05,,,-650.0,,,,-650.0,,,
brandon ingram,threes,1.5,False,2026-04-05,,,-132.0,,,100.0,-132.0,,100.0,
brandon ingram,threes,1.5,True,2026-04-05,,,-128.0,,,,-128.0,,,
brandon ingram,threes,2.5,True,2026-04-05,,,240.0,,,,240.0,,,
brandon ingram,threes,3.5,True,2026-04-05,,,600.0,,,,600.0,,,
brandon ingram,threes,4.5,True,2026-04-05,,,1500.0,,,,1500.0,,,
brandon miller,assists,1.5,True,2026-04-05,,,-770.0,,,,-770.0,,,
brandon miller,assists,3.5,False,2026-04-05,,,106.0,,,-140.0,106.0,,-140.0,
brandon miller,assists,3.5,True,2026-04-05,,,108.0,,,,108.0,,,
brandon miller,assists,5.5,True,2026-04-05,,,520.0,,,,520.0,,,
brandon miller,assists,7.5,True,2026-04-05,,,1500.0,,,,1500.0,,,
brandon miller,points,9.5,True,2026-04-05,,,-2500.0,,,,-2500.0,,,
brandon miller,points,14.5,True,2026-04-05,,,-390.0,,,,-390.0,,,
brandon miller,points,19.5,True,2026-04-05,,,-118.0,,,,-118.0,,,
brandon miller,points,20.5,False,2026-04-05,,,102.0,,,-136.0,102.0,,-136.0,
brandon miller,points,24.5,True,2026-04-05,,,230.0,,,,230.0,,,
brandon miller,points,29.5,True,2026-04-05,,,560.0,,,,560.0,,,
brandon miller,points,34.5,True,2026-04-05,,,1300.0,,,,1300.0,,,
brandon miller,points,39.5,True,2026-04-05,,,3000.0,,,,3000.0,,,
brandon miller,rebounds,2.5,True,2026-04-05,,-1500.0,,,,,-1500.0,,,
brandon miller,rebounds,3.5,True,2026-04-05,,-542.0,-530.0,,,,-530.0,,,
brandon miller,rebounds,4.5,True,2026-04-05,,-242.0,,,,,-242.0,,,
brandon miller,rebounds,5.5,False,2026-04-05,,-120.0,-120.0,,-109.0,-110.0,-120.0,,-109.0,
brandon miller,rebounds,5.5,True,2026-04-05,,-123.0,-118.0,,,,-118.0,,,
brandon miller,rebounds,6.5,True,2026-04-05,,148.0,,,,,148.0,,,
brandon miller,rebounds,7.5,True,2026-04-05,,261.0,290.0,,,,290.0,,,
brandon miller,rebounds,8.5,True,2026-04-05,,440.0,,,,,440.0,,,
brandon miller,rebounds,9.5,True,2026-04-05,,760.0,800.0,,,,800.0,,,
brandon miller,rebounds,10.5,True,2026-04-05,,1260.0,,,,,1260.0,,,
brandon miller,rebounds,11.5,True,2026-04-05,,,2000.0,,,,2000.0,,,
brandon miller,threes,0.5,True,2026-04-05,,,-4500.0,,,,-4500.0,,,
brandon miller,threes,1.5,True,2026-04-05,,,-530.0,,,,-530.0,,,
brandon miller,threes,2.5,True,2026-04-05,,,-186.0,,,,-186.0,,,
brandon miller,threes,3.5,False,2026-04-05,,,132.0,,,-178.0,132.0,,-178.0,
brandon miller,threes,3.5,True,2026-04-05,,,134.0,,,,134.0,,,
brandon miller,threes,4.5,True,2026-04-05,,,300.0,,,,300.0,,,
brandon miller,threes,5.5,True,2026-04-05,,,600.0,,,,600.0,,,
brandon miller,threes,6.5,True,2026-04-05,,,1200.0,,,,1200.0,,,
brandon miller,threes,7.5,True,2026-04-05,,,2000.0,,,,2000.0,,,
brandon miller,threes,8.5,True,2026-04-05,,,5000.0,,,,5000.0,,,
coby white,assists,1.5,True,2026-04-05,,,-650.0,,,,-650.0,,,
coby white,assists,3.5,False,2026-04-05,,,116.0,,,-158.0,116.0,,-158.0,
coby white,assists,3.5,True,2026-04-05,,,120.0,,,,120.0,,,
coby white,assists,5.5,True,2026-04-05,,,500.0,,,,500.0,,,
coby white,assists,7.5,True,2026-04-05,,,1500.0,,,,1500.0,,,
coby white,points,7.5,True,2026-04-05,,-1160.0,,,,,-1160.0,,,
coby white,points,9.5,True,2026-04-05,,-503.0,-460.0,,,,-460.0,,,
coby white,points,11.5,True,2026-04-05,,-260.0,,,,,-260.0,,,
coby white,points,14.5,False,2026-04-05,,-111.0,-118.0,,-115.0,-112.0,-111.0,,-112.0,
coby white,points,14.5,True,2026-04-05,,-111.0,-115.0,,,,-111.0,,,
coby white,points,17.5,True,2026-04-05,,186.0,,,,,186.0,,,
coby white,points,19.5,True,2026-04-05,,296.0,250.0,,,,296.0,,,
coby white,points,24.5,True,2026-04-05,,920.0,630.0,,,,920.0,,,
coby white,points,29.5,True,2026-04-05,,2300.0,1500.0,,,,2300.0,,,
coby white,points,34.5,True,2026-04-05,,,3500.0,,,,3500.0,,,
coby white,rebounds,3.5,False,2026-04-05,,,140.0,,,-188.0,140.0,,-188.0,
coby white,rebounds,3.5,True,2026-04-05,,,142.0,,,,142.0,,,
coby white,rebounds,5.5,True,2026-04-05,,,560.0,,,,560.0,,,
coby white,threes,0.5,True,2026-04-05,,,-650.0,,,,-650.0,,,
coby white,threes,1.5,False,2026-04-05,,,-140.0,,,106.0,-140.0,,106.0,
coby white,threes,1.5,True,2026-04-05,,,-138.0,,,,-138.0,,,
coby white,threes,2.5,True,2026-04-05,,,220.0,,,,220.0,,,
coby white,threes,3.5,True,2026-04-05,,,560.0,,,,560.0,,,
coby white,threes,4.5,True,2026-04-05,,,1200.0,,,,1200.0,,,
coby white,threes,5.5,True,2026-04-05,,,2500.0,,,,2500.0,,,
cooper flagg,assists,3.5,True,2026-04-05,,,-410.0,,,,-410.0,,,
cooper flagg,assists,5.5,False,2026-04-05,,,108.0,,,-144.0,108.0,,-144.0,
cooper flagg,assists,5.5,True,2026-04-05,,,110.0,,,,110.0,,,
cooper flagg,assists,7.5,True,2026-04-05,,,390.0,,,,390.0,,,
cooper flagg,assists,9.5,True,2026-04-05,,,1060.0,,,,1060.0,,,
cooper flagg,assists,11.5,True,2026-04-05,,,3000.0,,,,3000.0,,,
cooper flagg,points,14.5,True,2026-04-05,,,-1400.0,,,,-1400.0,,,
cooper flagg,points,19.5,True,2026-04-05,,,-295.0,,,,-295.0,,,
cooper flagg,points,23.5,False,2026-04-05,,,-130.0,,,-102.0,-130.0,,-102.0,
cooper flagg,points,24.5,True,2026-04-05,,,-104.0,,,,-104.0,,,
cooper flagg,points,29.5,True,2026-04-05,,,255.0,,,,255.0,,,
cooper flagg,points,34.5,True,2026-04-05,,,600.0,,,,600.0,,,
cooper flagg,points,39.5,True,2026-04-05,,,1400.0,,,,1400.0,,,
cooper flagg,points,44.5,True,2026-04-05,,,3500.0,,,,3500.0,,,
cooper flagg,rebounds,3.5,True,2026-04-05,,,-950.0,,,,-950.0,,,
cooper flagg,rebounds,5.5,True,2026-04-05,,,-174.0,,,,-174.0,,,
cooper flagg,rebounds,6.5,False,2026-04-05,,,108.0,,,-144.0,108.0,,-144.0,
cooper flagg,rebounds,7.5,True,2026-04-05,,,200.0,,,,200.0,,,
cooper flagg,rebounds,9.5,True,2026-04-05,,,500.0,,,,500.0,,,
cooper flagg,rebounds,11.5,True,2026-04-05,,,1400.0,,,,1400.0,,,
cooper flagg,threes,0.5,True,2026-04-05,,,-310.0,,,,-310.0,,,
cooper flagg,threes,1.5,False,2026-04-05,,,162.0,,,-220.0,162.0,,-220.0,
cooper flagg,threes,1.5,True,2026-04-05,,,164.0,,,,164.0,,,
cooper flagg,threes,2.5,True,2026-04-05,,,520.0,,,,520.0,,,
cooper flagg,threes,3.5,True,2026-04-05,,,1300.0,,,,1300.0,,,
daniss jenkins,assists,3.5,True,2026-04-04,,-1060.0,-2200.0,,,,-1060.0,,,
daniss jenkins,assists,4.5,True,2026-04-04,-500.0,-443.0,,,,,-443.0,,,
daniss jenkins,assists,5.5,True,2026-04-04,,-222.0,-310.0,,,,-222.0,,,
daniss jenkins,assists,6.5,False,2026-04-04,-120.0,-121.0,,-110.0,-109.0,,-120.0,,-109.0,
daniss jenkins,assists,6.5,True,2026-04-04,-125.0,-121.0,,,,,-121.0,,,
daniss jenkins,assists,7.5,False,2026-04-04,,,120.0,,,-154.0,120.0,,-154.0,
daniss jenkins,assists,7.5,True,2026-04-04,,144.0,120.0,,,,144.0,,,
daniss jenkins,assists,8.5,True,2026-04-04,,245.0,,,,,245.0,,,
daniss jenkins,assists,9.5,True,2026-04-04,425.0,415.0,310.0,,,,425.0,,,
daniss jenkins,assists,10.5,True,2026-04-04,,680.0,,,,,680.0,,,
daniss jenkins,assists,11.5,True,2026-04-04,,1080.0,900.0,,,,1080.0,,,
daniss jenkins,assists,12.5,True,2026-04-04,,1740.0,,,,,1740.0,,,
daniss jenkins,assists,13.5,True,2026-04-04,,2500.0,2200.0,,,,2500.0,,,
daniss jenkins,points,7.5,True,2026-04-04,,-2900.0,,,,,-2900.0,,,
daniss jenkins,points,9.5,True,2026-04-04,-1000.0,-1020.0,-1200.0,,,,-1000.0,,,
daniss jenkins,points,11.5,True,2026-04-04,,-496.0,,,,,-496.0,,,
daniss jenkins,points,14.5,True,2026-04-04,-190.0,-214.0,-215.0,,,,-190.0,,,
daniss jenkins,points,16.5,False,2026-04-04,-110.0,,,-120.0,,,-110.0,,-120.0,
daniss jenkins,points,17.5,False,2026-04-04,,-105.0,102.0,,-121.0,-130.0,102.0,,-121.0,
daniss jenkins,points,17.5,True,2026-04-04,,-105.0,,,,,-105.0,,,
daniss jenkins,points,19.5,True,2026-04-04,185.0,152.0,164.0,,,,185.0,,,
daniss jenkins,points,24.5,True,2026-04-04,550.0,428.0,500.0,,,,550.0,,,
daniss jenkins,points,29.5,True,2026-04-04,,1160.0,1300.0,,,,1300.0,,,
daniss jenkins,points,34.5,True,2026-04-04,,2600.0,4000.0,,,,4000.0,,,
daniss jenkins,rebounds,2.5,True,2026-04-04,-375.0,-346.0,,,,,-346.0,,,
daniss jenkins,rebounds,3.5,False,2026-04-04,-150.0,-144.0,-166.0,110.0,109.0,130.0,-144.0,,130.0,
daniss jenkins,rebounds,3.5,True,2026-04-04,,-147.0,-166.0,,,,-147.0,,,
daniss jenkins,rebounds,4.5,True,2026-04-04,140.0,138.0,,,,,140.0,,,
daniss jenkins,rebounds,5.5,True,2026-04-04,,267.0,285.0,,,,285.0,,,
daniss jenkins,rebounds,6.5,True,2026-04-04,525.0,499.0,,,,,525.0,,,
daniss jenkins,rebounds,7.5,True,2026-04-04,,910.0,1000.0,,,,1000.0,,,
daniss jenkins,rebounds,8.5,True,2026-04-04,,1580.0,,,,,1580.0,,,
daniss jenkins,threes,0.5,True,2026-04-04,-550.0,-477.0,-500.0,,,,-477.0,,,
daniss jenkins,threes,1.5,False,2026-04-04,-120.0,-109.0,-104.0,-110.0,-121.0,-122.0,-104.0,,-110.0,
daniss jenkins,threes,1.5,True,2026-04-04,-125.0,-108.0,-104.0,,,,-104.0,,,
daniss jenkins,threes,2.5,True,2026-04-04,240.0,260.0,300.0,,,,300.0,,,
daniss jenkins,threes,3.5,True,2026-04-04,600.0,680.0,830.0,,,,830.0,,,
daniss jenkins,threes,4.5,True,2026-04-04,,1580.0,2200.0,,,,2200.0,,,
daniss jenkins,threes,5.5,True,2026-04-04,,2900.0,,,,,2900.0,,,
derrick white,assists,1.5,True,2026-04-05,,,-3500.0,,,,-3500.0,,,
derrick white,assists,2.5,True,2026-04-05,,-700.0,,,,,-700.0,,,
derrick white,assists,3.5,True,2026-04-05,,-256.0,-265.0,,,,-256.0,,,
derrick white,assists,4.5,False,2026-04-05,,-113.0,-110.0,,-116.0,-120.0,-110.0,,-116.0,
derrick white,assists,4.5,True,2026-04-05,,-114.0,,,,,-114.0,,,
derrick white,assists,5.5,True,2026-04-05,,180.0,190.0,,,,190.0,,,
derrick white,assists,6.5,True,2026-04-05,,359.0,,,,,359.0,,,
derrick white,assists,7.5,True,2026-04-05,,720.0,680.0,,,,720.0,,,
derrick white,assists,8.5,True,2026-04-05,,1320.0,,,,,1320.0,,,
derrick white,assists,9.5,True,2026-04-05,,2200.0,1500.0,,,,2200.0,,,
derrick white,points,7.5,True,2026-04-05,,-1620.0,,,,,-1620.0,,,
derrick white,points,9.5,True,2026-04-05,,-690.0,-720.0,,,,-690.0,,,
derrick white,points,11.5,True,2026-04-05,,-346.0,,,,,-346.0,,,
derrick white,points,14.5,True,2026-04-05,,-148.0,-148.0,,,,-148.0,,,
derrick white,points,15.5,False,2026-04-05,,-115.0,-114.0,,-111.0,-114.0,-114.0,,-111.0,
derrick white,points,15.5,True,2026-04-05,,-115.0,,,,,-115.0,,,
derrick white,points,17.5,True,2026-04-05,,141.0,,,,,141.0,,,
derrick white,points,19.5,True,2026-04-05,,223.0,235.0,,,,235.0,,,
derrick white,points,24.5,True,2026-04-05,,680.0,680.0,,,,680.0,,,
derrick white,points,29.5,True,2026-04-05,,1800.0,1700.0,,,,1800.0,,,
derrick white,rebounds,3.5,False,2026-04-05,,,-136.0,,,102.0,-136.0,,102.0,
derrick white,rebounds,3.5,True,2026-04-05,,,-132.0,,,,-132.0,,,
derrick white,rebounds,5.5,True,2026-04-05,,,360.0,,,,360.0,,,
derrick white,rebounds,7.5,True,2026-04-05,,,1300.0,,,,1300.0,,,
derrick white,threes,0.5,True,2026-04-05,,,-4000.0,,,,-4000.0,,,
derrick white,threes,1.5,True,2026-04-05,,,-440.0,,,,-440.0,,,
derrick white,threes,2.5,False,2026-04-05,,,-144.0,,,108.0,-144.0,,108.0,
derrick white,threes,2.5,True,2026-04-05,,,-140.0,,,,-140.0,,,
derrick white,threes,3.5,True,2026-04-05,,,190.0,,,,190.0,,,
derrick white,threes,4.5,True,2026-04-05,,,440.0,,,,440.0,,,
derrick white,threes,5.5,True,2026-04-05,,,900.0,,,,900.0,,,
derrick white,threes,6.5,True,2026-04-05,,,1700.0,,,,1700.0,,,
derrick white,threes,7.5,True,2026-04-05,,,4000.0,,,,4000.0,,,
dominick barlow,assists,1.5,True,2026-04-04,,168.0,,,,,168.0,,,
dominick barlow,assists,2.5,True,2026-04-04,,547.0,,,,,547.0,,,
dominick barlow,assists,3.5,True,2026-04-04,,1480.0,,,,,1480.0,,,
dominick barlow,points,2.5,True,2026-04-04,,,-800.0,,,450.0,-800.0,,450.0,
dominick barlow,points,3.5,True,2026-04-04,,,-550.0,,,350.0,-550.0,,350.0,
dominick barlow,points,4.5,True,2026-04-04,,,-300.0,,,210.0,-300.0,,210.0,
dominick barlow,points,5.5,True,2026-04-04,,-197.0,-200.0,,,148.0,-197.0,,148.0,
dominick barlow,points,6.5,False,2026-04-04,,-122.0,-128.0,,-104.0,100.0,-122.0,,100.0,
dominick barlow,points,6.5,True,2026-04-04,,-124.0,-130.0,,,-102.0,-124.0,,-102.0,
dominick barlow,points,7.5,False,2026-04-04,-105.0,,,-125.0,,,-105.0,,-125.0,
dominick barlow,points,7.5,True,2026-04-04,,110.0,114.0,,,-152.0,114.0,,-152.0,
dominick barlow,points,8.5,True,2026-04-04,,,158.0,,,-215.0,158.0,,-215.0,
dominick barlow,points,9.5,True,2026-04-04,195.0,222.0,220.0,,,-310.0,222.0,,-310.0,
dominick barlow,points,11.5,True,2026-04-04,,427.0,,,,,427.0,,,
dominick barlow,points,14.5,True,2026-04-04,,1060.0,1000.0,,,,1060.0,,,
dominick barlow,points,17.5,True,2026-04-04,,2200.0,,,,,2200.0,,,
dominick barlow,rebounds,1.5,True,2026-04-04,,,-1200.0,,,,-1200.0,,,
dominick barlow,rebounds,2.5,True,2026-04-04,-375.0,-337.0,-350.0,,,240.0,-337.0,,240.0,
dominick barlow,rebounds,3.5,False,2026-04-04,-150.0,,-160.0,110.0,,124.0,-150.0,,124.0,
dominick barlow,rebounds,3.5,True,2026-04-04,,-159.0,-162.0,,,122.0,-159.0,,122.0,
dominick barlow,rebounds,4.5,False,2026-04-04,,119.0,,,-157.0,,119.0,,-157.0,
dominick barlow,rebounds,4.5,True,2026-04-04,140.0,120.0,120.0,,,-160.0,140.0,,-160.0,
dominick barlow,rebounds,5.5,True,2026-04-04,,215.0,210.0,,,-300.0,215.0,,-300.0,
dominick barlow,rebounds,6.5,True,2026-04-04,525.0,379.0,360.0,,,-580.0,525.0,,-580.0,
dominick barlow,rebounds,7.5,True,2026-04-04,,620.0,630.0,,,,630.0,,,
dominick barlow,rebounds,8.5,True,2026-04-04,,1020.0,,,,,1020.0,,,
dominick barlow,rebounds,9.5,True,2026-04-04,,1620.0,1300.0,,,,1620.0,,,
dominick barlow,threes,0.5,True,2026-04-04,,211.0,,,,,211.0,,,
dominick barlow,threes,1.5,True,2026-04-04,,1220.0,,,,,1220.0,,,
donte divincenzo,assists,1.5,True,2026-04-05,,,-410.0,,,,-410.0,,,
donte divincenzo,assists,2.5,False,2026-04-05,,-130.0,-128.0,,-102.0,-104.0,-128.0,,-102.0,
donte divincenzo,assists,2.5,True,2026-04-05,,-130.0,,,,,-130.0,,,
donte divincenzo,assists,3.5,True,2026-04-05,,190.0,200.0,,,,200.0,,,
donte divincenzo,assists,4.5,True,2026-04-05,,425.0,,,,,425.0,,,
donte divincenzo,assists,5.5,True,2026-04-05,,930.0,900.0,,,,930.0,,,
donte divincenzo,assists,6.5,True,2026-04-05,,1840.0,,,,,1840.0,,,
donte divincenzo,points,5.5,True,2026-04-05,,-670.0,,,,,-670.0,,,
donte divincenzo,points,7.5,True,2026-04-05,,-307.0,,,,,-307.0,,,
donte divincenzo,points,9.5,True,2026-04-05,,-151.0,-166.0,,,,-151.0,,,
donte divincenzo,points,10.5,False,2026-04-05,,-123.0,-132.0,,-103.0,100.0,-123.0,,100.0,
donte divincenzo,points,10.5,True,2026-04-05,,-121.0,,,,,-121.0,,,
donte divincenzo,points,11.5,True,2026-04-05,,112.0,,,,,112.0,,,
donte divincenzo,points,14.5,True,2026-04-05,,236.0,235.0,,,,236.0,,,
donte divincenzo,points,17.5,True,2026-04-05,,488.0,,,,,488.0,,,
donte divincenzo,points,19.5,True,2026-04-05,,780.0,750.0,,,,780.0,,,
donte divincenzo,points,24.5,True,2026-04-05,,2100.0,1700.0,,,,2100.0,,,
donte divincenzo,rebounds,3.5,False,2026-04-05,,,-152.0,,,114.0,-152.0,,114.0,
donte divincenzo,rebounds,3.5,True,2026-04-05,,,-146.0,,,,-146.0,,,
donte divincenzo,rebounds,5.5,True,2026-04-05,,,310.0,,,,310.0,,,
donte divincenzo,rebounds,7.5,True,2026-04-05,,,1100.0,,,,1100.0,,,
donte divincenzo,threes,0.5,True,2026-04-05,,-2500.0,-3000.0,,,,-2500.0,,,
donte divincenzo,threes,1.5,True,2026-04-05,,-396.0,-390.0,,,,-390.0,,,
donte divincenzo,threes,2.5,False,2026-04-05,,-129.0,-130.0,,-102.0,-102.0,-129.0,,-102.0,
donte divincenzo,threes,2.5,True,2026-04-05,,-129.0,-128.0,,,,-128.0,,,
donte divincenzo,threes,3.5,True,2026-04-05,,184.0,200.0,,,,200.0,,,
donte divincenzo,threes,4.5,True,2026-04-05,,406.0,470.0,,,,470.0,,,
donte divincenzo,threes,5.5,True,2026-04-05,,890.0,900.0,,,,900.0,,,
donte divincenzo,threes,6.5,True,2026-04-05,,1720.0,1500.0,,,,1720.0,,,
donte divincenzo,threes,7.5,True,2026-04-05,,2900.0,4000.0,,,,4000.0,,,
duncan robinson,assists,0.5,True,2026-04-04,,,-1200.0,,,,-1200.0,,,
duncan robinson,assists,1.5,True,2026-04-04,,,-205.0,,,154.0,-205.0,,154.0,
duncan robinson,assists,2.5,False,2026-04-04,135.0,127.0,,-185.0,-168.0,,135.0,,-168.0,
duncan robinson,assists,2.5,True,2026-04-04,,127.0,148.0,,,-200.0,148.0,,-200.0,
duncan robinson,assists,3.5,True,2026-04-04,,324.0,360.0,,,-580.0,360.0,,-580.0,
duncan robinson,assists,4.5,True,2026-04-04,750.0,780.0,,,,,780.0,,,
duncan robinson,assists,5.5,True,2026-04-04,,1680.0,1500.0,,,,1680.0,,,
duncan robinson,assists,6.5,True,2026-04-04,,2900.0,,,,,2900.0,,,
duncan robinson,points,5.5,True,2026-04-04,,-1060.0,,,,,-1060.0,,,
duncan robinson,points,6.5,True,2026-04-04,,,-700.0,,,410.0,-700.0,,410.0,
duncan robinson,points,7.5,True,2026-04-04,,-466.0,-490.0,,,320.0,-466.0,,320.0,
duncan robinson,points,8.5,True,2026-04-04,,,-320.0,,,225.0,-320.0,,225.0,
duncan robinson,points,9.5,True,2026-04-04,-220.0,-228.0,-225.0,,,172.0,-220.0,,172.0,
duncan robinson,points,10.5,True,2026-04-04,,,-180.0,,,134.0,-180.0,,134.0,
duncan robinson,points,11.5,False,2026-04-04,-120.0,,-128.0,-110.0,,100.0,-120.0,,100.0,
duncan robinson,points,11.5,True,2026-04-04,,-129.0,-132.0,,,100.0,-129.0,,100.0,
duncan robinson,points,12.5,False,2026-04-04,,100.0,,,-128.0,,100.0,,-128.0,
duncan robinson,points,12.5,True,2026-04-04,,101.0,100.0,,,-132.0,101.0,,-132.0,
duncan robinson,points,13.5,True,2026-04-04,,,128.0,,,-172.0,128.0,,-172.0,
duncan robinson,points,14.5,True,2026-04-04,180.0,166.0,168.0,,,-230.0,180.0,,-230.0,
duncan robinson,points,15.5,True,2026-04-04,,,210.0,,,-300.0,210.0,,-300.0,
duncan robinson,points,17.5,True,2026-04-04,,343.0,,,,,343.0,,,
duncan robinson,points,19.5,True,2026-04-04,550.0,541.0,520.0,,,,550.0,,,
duncan robinson,points,24.5,True,2026-04-04,,1560.0,1400.0,,,,1560.0,,,
duncan robinson,rebounds,1.5,True,2026-04-04,,,-470.0,,,310.0,-470.0,,310.0,
duncan robinson,rebounds,2.5,False,2026-04-04,-120.0,-139.0,,-110.0,106.0,,-120.0,,106.0,
duncan robinson,rebounds,2.5,True,2026-04-04,-120.0,-140.0,-148.0,,,112.0,-120.0,,112.0,
duncan robinson,rebounds,3.5,True,2026-04-04,,175.0,174.0,,,-240.0,175.0,,-240.0,
duncan robinson,rebounds,4.5,True,2026-04-04,425.0,390.0,390.0,,,-650.0,425.0,,-650.0,
duncan robinson,rebounds,5.5,True,2026-04-04,,830.0,830.0,,,,830.0,,,
duncan robinson,rebounds,6.5,True,2026-04-04,,1680.0,,,,,1680.0,,,
duncan robinson,threes,0.5,True,2026-04-04,,-2800.0,-3500.0,,,,-2800.0,,,
duncan robinson,threes,1.5,True,2026-04-04,-450.0,-413.0,-400.0,,,,-400.0,,,
duncan robinson,threes,2.5,False,2026-04-04,-150.0,-139.0,-130.0,110.0,106.0,102.0,-130.0,,110.0,
duncan robinson,threes,2.5,True,2026-04-04,-150.0,-137.0,-130.0,,,,-130.0,,,
duncan robinson,threes,3.5,True,2026-04-04,165.0,176.0,190.0,,,,190.0,,,
duncan robinson,threes,4.5,True,2026-04-04,360.0,399.0,460.0,,,,460.0,,,
duncan robinson,threes,5.5,True,2026-04-04,,820.0,900.0,,,,900.0,,,
duncan robinson,threes,6.5,True,2026-04-04,,1560.0,1700.0,,,,1700.0,,,
duncan robinson,threes,7.5,True,2026-04-04,,2700.0,4000.0,,,,4000.0,,,
jalen duren,assists,1.5,True,2026-04-04,,,-590.0,,,,-590.0,,,
jalen duren,assists,2.5,False,2026-04-04,-150.0,-170.0,,110.0,128.0,,-150.0,,128.0,
jalen duren,assists,2.5,True,2026-04-04,-150.0,-171.0,,,,,-150.0,,,
jalen duren,assists,3.5,False,2026-04-04,,,142.0,,,-184.0,142.0,,-184.0,
jalen duren,assists,3.5,True,2026-04-04,,146.0,142.0,,,,146.0,,,
jalen duren,assists,4.5,True,2026-04-04,360.0,329.0,,,,,360.0,,,
jalen duren,assists,5.5,True,2026-04-04,,680.0,630.0,,,,680.0,,,
jalen duren,assists,6.5,True,2026-04-04,,1400.0,,,,,1400.0,,,
jalen duren,assists,7.5,True,2026-04-04,,2400.0,,,,,2400.0,,,
jalen duren,points,9.5,True,2026-04-04,,,-7000.0,,,,-7000.0,,,
jalen duren,points,14.5,True,2026-04-04,-1200.0,-990.0,-850.0,,,490.0,-850.0,,490.0,
jalen duren,points,15.5,True,2026-04-04,,,-650.0,,,390.0,-650.0,,390.0,
jalen duren,points,16.5,True,2026-04-04,,,-490.0,,,320.0,-490.0,,320.0,
jalen duren,points,17.5,True,2026-04-04,,-388.0,-380.0,,,260.0,-380.0,,260.0,
jalen duren,points,18.5,True,2026-04-04,,,-280.0,,,205.0,-280.0,,205.0,
jalen duren,points,19.5,True,2026-04-04,-275.0,-234.0,-220.0,,,168.0,-220.0,,168.0,
jalen duren,points,20.5,True,2026-04-04,,,-182.0,,,134.0,-182.0,,134.0,
jalen duren,points,21.5,True,2026-04-04,,,-146.0,,,110.0,-146.0,,110.0,
jalen duren,points,22.5,False,2026-04-04,-125.0,-118.0,-115.0,-105.0,-108.0,-113.0,-115.0,,-105.0,
jalen duren,points,22.5,True,2026-04-04,,-117.0,-118.0,,,-114.0,-117.0,,-114.0,
jalen duren,points,23.5,True,2026-04-04,,,106.0,,,-140.0,106.0,,-140.0,
jalen duren,points,24.5,True,2026-04-04,120.0,130.0,132.0,,,-174.0,132.0,,-174.0,
jalen duren,points,25.5,True,2026-04-04,,,162.0,,,-220.0,162.0,,-220.0,
jalen duren,points,26.5,True,2026-04-04,,,194.0,,,-270.0,194.0,,-270.0,
jalen duren,points,27.5,True,2026-04-04,,,230.0,,,-330.0,230.0,,-330.0,
jalen duren,points,28.5,True,2026-04-04,,,270.0,,,-400.0,270.0,,-400.0,
jalen duren,points,29.5,True,2026-04-04,360.0,370.0,320.0,,,-490.0,370.0,,-490.0,
jalen duren,points,30.5,True,2026-04-04,,,390.0,,,-650.0,390.0,,-650.0,
jalen duren,points,31.5,True,2026-04-04,,,470.0,,,-850.0,470.0,,-850.0,
jalen duren,points,32.5,True,2026-04-04,,,,,,-1200.0,,,-1200.0,
jalen duren,points,34.5,True,2026-04-04,,1020.0,870.0,,,,1020.0,,,
jalen duren,points,39.5,True,2026-04-04,,2500.0,1700.0,,,,2500.0,,,
jalen duren,points,44.5,True,2026-04-04,,,5000.0,,,,5000.0,,,
jalen duren,rebounds,6.5,True,2026-04-04,,-2700.0,,,,,-2700.0,,,
jalen duren,rebounds,7.5,True,2026-04-04,,-1160.0,-1100.0,,,,-1100.0,,,
jalen duren,rebounds,8.5,True,2026-04-04,,-620.0,-500.0,,,320.0,-500.0,,320.0,
jalen duren,rebounds,9.5,True,2026-04-04,-350.0,-362.0,-360.0,,,250.0,-350.0,,250.0,
jalen duren,rebounds,10.5,True,2026-04-04,,-227.0,-220.0,,,162.0,-220.0,,162.0,
jalen duren,rebounds,11.5,False,2026-04-04,-150.0,,-130.0,115.0,,102.0,-130.0,,115.0,
jalen duren,rebounds,11.5,True,2026-04-04,,-147.0,-130.0,,,102.0,-130.0,,102.0,
jalen duren,rebounds,12.5,False,2026-04-04,,103.0,,,-136.0,,103.0,,-136.0,
jalen duren,rebounds,12.5,True,2026-04-04,115.0,102.0,118.0,,,-158.0,118.0,,-158.0,
jalen duren,rebounds,13.5,True,2026-04-04,,151.0,186.0,,,-250.0,186.0,,-250.0,
jalen duren,rebounds,14.5,True,2026-04-04,260.0,219.0,270.0,,,-400.0,270.0,,-400.0,
jalen duren,rebounds,15.5,True,2026-04-04,,313.0,390.0,,,-650.0,390.0,,-650.0,
jalen duren,rebounds,16.5,True,2026-04-04,550.0,453.0,,,,,550.0,,,
jalen duren,rebounds,17.5,True,2026-04-04,,650.0,,,,,650.0,,,
jalen duren,rebounds,18.5,True,2026-04-04,,930.0,,,,,930.0,,,
jalen duren,rebounds,19.5,True,2026-04-04,,1300.0,,,,,1300.0,,,
jaylen brown,assists,3.5,True,2026-04-05,,,-310.0,,,,-310.0,,,
jaylen brown,assists,4.5,False,2026-04-05,,,-132.0,,,100.0,-132.0,,100.0,
jaylen brown,assists,5.5,True,2026-04-05,,,162.0,,,,162.0,,,
jaylen brown,assists,7.5,True,2026-04-05,,,600.0,,,,600.0,,,
jaylen brown,assists,9.5,True,2026-04-05,,,1500.0,,,,1500.0,,,
jaylen brown,points,14.5,True,2026-04-05,,,-5000.0,,,,-5000.0,,,
jaylen brown,points,17.5,True,2026-04-05,,-1280.0,,,,,-1280.0,,,
jaylen brown,points,19.5,True,2026-04-05,,-670.0,-670.0,,,,-670.0,,,
jaylen brown,points,24.5,True,2026-04-05,,-199.0,-196.0,,,,-196.0,,,
jaylen brown,points,27.5,False,2026-04-05,,-105.0,-106.0,,-122.0,-125.0,-105.0,,-122.0,
jaylen brown,points,27.5,True,2026-04-05,,-107.0,,,,,-107.0,,,
jaylen brown,points,29.5,True,2026-04-05,,139.0,142.0,,,,142.0,,,
jaylen brown,points,34.5,True,2026-04-05,,361.0,350.0,,,,361.0,,,
jaylen brown,points,39.5,True,2026-04-05,,920.0,870.0,,,,920.0,,,
jaylen brown,points,44.5,True,2026-04-05,,2100.0,1700.0,,,,2100.0,,,
jaylen brown,rebounds,3.5,True,2026-04-05,,,-770.0,,,,-770.0,,,
jaylen brown,rebounds,5.5,True,2026-04-05,,,-156.0,,,,-156.0,,,
jaylen brown,rebounds,6.5,False,2026-04-05,,,124.0,,,-166.0,124.0,,-166.0,
jaylen brown,rebounds,7.5,True,2026-04-05,,,230.0,,,,230.0,,,
jaylen brown,rebounds,9.5,True,2026-04-05,,,600.0,,,,600.0,,,
jaylen brown,rebounds,11.5,True,2026-04-05,,,1500.0,,,,1500.0,,,
jaylen brown,threes,0.5,True,2026-04-05,,,-900.0,,,,-900.0,,,
jaylen brown,threes,1.5,False,2026-04-05,,,-180.0,,,134.0,-180.0,,134.0,
jaylen brown,threes,1.5,True,2026-04-05,,,-174.0,,,,-174.0,,,
jaylen brown,threes,2.5,True,2026-04-05,,,182.0,,,,182.0,,,
jaylen brown,threes,3.5,True,2026-04-05,,,470.0,,,,470.0,,,
jaylen brown,threes,4.5,True,2026-04-05,,,1100.0,,,,1100.0,,,
jaylen brown,threes,5.5,True,2026-04-05,,,2500.0,,,,2500.0,,,
jayson tatum,assists,3.5,True,2026-04-05,,,-390.0,,,,-390.0,,,
jayson tatum,assists,5.5,False,2026-04-05,,,130.0,,,-174.0,130.0,,-174.0,
jayson tatum,assists,5.5,True,2026-04-05,,,132.0,,,,132.0,,,
jayson tatum,assists,7.5,True,2026-04-05,,,450.0,,,,450.0,,,
jayson tatum,assists,9.5,True,2026-04-05,,,1100.0,,,,1100.0,,,
jayson tatum,points,11.5,True,2026-04-05,,-2600.0,,,,,-2600.0,,,
jayson tatum,points,14.5,True,2026-04-05,,-790.0,-1000.0,,,,-790.0,,,
jayson tatum,points,17.5,True,2026-04-05,,-355.0,,,,,-355.0,,,
jayson tatum,points,19.5,True,2026-04-05,,-220.0,-230.0,,,,-220.0,,,
jayson tatum,points,22.5,False,2026-04-05,,-114.0,-114.0,,-112.0,-114.0,-114.0,,-112.0,
jayson tatum,points,22.5,True,2026-04-05,,-115.0,,,,,-115.0,,,
jayson tatum,points,24.5,True,2026-04-05,,129.0,134.0,,,,134.0,,,
jayson tatum,points,29.5,True,2026-04-05,,341.0,360.0,,,,360.0,,,
jayson tatum,points,34.5,True,2026-04-05,,870.0,900.0,,,,900.0,,,
jayson tatum,points,39.5,True,2026-04-05,,1920.0,1800.0,,,,1920.0,,,
jayson tatum,rebounds,5.5,True,2026-04-05,,-1400.0,-1200.0,,,,-1200.0,,,
jayson tatum,rebounds,6.5,True,2026-04-05,,-630.0,,,,,-630.0,,,
jayson tatum,rebounds,7.5,True,2026-04-05,,-334.0,-280.0,,,,-280.0,,,
jayson tatum,rebounds,8.5,True,2026-04-05,,-191.0,,,,,-191.0,,,
jayson tatum,rebounds,9.5,False,2026-04-05,,-116.0,-118.0,,-114.0,-112.0,-116.0,,-112.0,
jayson tatum,rebounds,9.5,True,2026-04-05,,-116.0,-115.0,,,,-115.0,,,
jayson tatum,rebounds,10.5,True,2026-04-05,,139.0,,,,,139.0,,,
jayson tatum,rebounds,11.5,True,2026-04-05,,218.0,230.0,,,,230.0,,,
jayson tatum,rebounds,12.5,True,2026-04-05,,343.0,,,,,343.0,,,
jayson tatum,rebounds,13.5,True,2026-04-05,,538.0,560.0,,,,560.0,,,
jayson tatum,rebounds,14.5,True,2026-04-05,,860.0,,,,,860.0,,,
jayson tatum,rebounds,15.5,True,2026-04-05,,1340.0,1300.0,,,,1340.0,,,
jayson tatum,threes,1.5,True,2026-04-05,,,-650.0,,,,-650.0,,,
jayson tatum,threes,2.5,True,2026-04-05,,,-188.0,,,,-188.0,,,
jayson tatum,threes,3.5,False,2026-04-05,,,138.0,,,-186.0,138.0,,-186.0,
jayson tatum,threes,3.5,True,2026-04-05,,,140.0,,,,140.0,,,
jayson tatum,threes,4.5,True,2026-04-05,,,320.0,,,,320.0,,,
jayson tatum,threes,5.5,True,2026-04-05,,,680.0,,,,680.0,,,
jayson tatum,threes,6.5,True,2026-04-05,,,1300.0,,,,1300.0,,,
jayson tatum,threes,7.5,True,2026-04-05,,,2500.0,,,,2500.0,,,
julius randle,assists,1.5,True,2026-04-05,,,-1800.0,,,,-1800.0,,,
julius randle,assists,3.5,True,2026-04-05,,,-170.0,,,,-170.0,,,
julius randle,assists,4.5,False,2026-04-05,,,134.0,,,-180.0,134.0,,-180.0,
julius randle,assists,5.5,True,2026-04-05,,,285.0,,,,285.0,,,
julius randle,assists,7.5,True,2026-04-05,,,1060.0,,,,1060.0,,,
julius randle,points,9.5,True,2026-04-05,,-2700.0,-4000.0,,,,-2700.0,,,
julius randle,points,11.5,True,2026-04-05,,-1040.0,,,,,-1040.0,,,
julius randle,points,14.5,True,2026-04-05,,-376.0,-430.0,,,,-376.0,,,
julius randle,points,17.5,True,2026-04-05,,-173.0,,,,,-173.0,,,
julius randle,points,19.5,False,2026-04-05,,-108.0,-125.0,,-118.0,-106.0,-108.0,,-106.0,
julius randle,points,19.5,True,2026-04-05,,-110.0,-122.0,,,,-110.0,,,
julius randle,points,24.5,True,2026-04-05,,271.0,250.0,,,,271.0,,,
julius randle,points,29.5,True,2026-04-05,,740.0,680.0,,,,740.0,,,
julius randle,points,34.5,True,2026-04-05,,1880.0,1700.0,,,,1880.0,,,
julius randle,rebounds,3.5,True,2026-04-05,,-1220.0,-1200.0,,,,-1200.0,,,
julius randle,rebounds,4.5,True,2026-04-05,,-501.0,,,,,-501.0,,,
julius randle,rebounds,5.5,True,2026-04-05,,-240.0,-215.0,,,,-215.0,,,
julius randle,rebounds,6.5,False,2026-04-05,,-131.0,-114.0,,-101.0,-114.0,-114.0,,-101.0,
julius randle,rebounds,6.5,True,2026-04-05,,-129.0,,,,,-129.0,,,
julius randle,rebounds,7.5,True,2026-04-05,,137.0,164.0,,,,164.0,,,
julius randle,rebounds,8.5,True,2026-04-05,,236.0,,,,,236.0,,,
julius randle,rebounds,9.5,True,2026-04-05,,394.0,420.0,,,,420.0,,,
julius randle,rebounds,10.5,True,2026-04-05,,640.0,,,,,640.0,,,
julius randle,rebounds,11.5,True,2026-04-05,,1020.0,1100.0,,,,1100.0,,,
julius randle,rebounds,12.5,True,2026-04-05,,1640.0,,,,,1640.0,,,
julius randle,rebounds,13.5,True,2026-04-05,,,3000.0,,,,3000.0,,,
julius randle,threes,0.5,True,2026-04-05,,,-310.0,,,,-310.0,,,
julius randle,threes,1.5,False,2026-04-05,,,158.0,,,-220.0,158.0,,-220.0,
julius randle,threes,1.5,True,2026-04-05,,,162.0,,,,162.0,,,
julius randle,threes,2.5,True,2026-04-05,,,520.0,,,,520.0,,,
julius randle,threes,3.5,True,2026-04-05,,,1400.0,,,,1400.0,,,
kelly oubre jr,assists,1.5,True,2026-04-04,,100.0,,,,,100.0,,,
kelly oubre jr,assists,2.5,True,2026-04-04,,306.0,,,,,306.0,,,
kelly oubre jr,assists,3.5,True,2026-04-04,,810.0,,,,,810.0,,,
kelly oubre jr,assists,4.5,True,2026-04-04,,1860.0,,,,,1860.0,,,
kelly oubre jr,points,5.5,True,2026-04-04,,-1900.0,,,,,-1900.0,,,
kelly oubre jr,points,7.5,True,2026-04-04,,-660.0,-580.0,,,360.0,-580.0,,360.0,
kelly oubre jr,points,8.5,True,2026-04-04,,,-420.0,,,280.0,-420.0,,280.0,
kelly oubre jr,points,9.5,True,2026-04-04,-375.0,-308.0,-295.0,,,210.0,-295.0,,210.0,
kelly oubre jr,points,10.5,True,2026-04-04,,,-225.0,,,164.0,-225.0,,164.0,
kelly oubre jr,points,11.5,True,2026-04-04,,-165.0,-168.0,,,126.0,-165.0,,126.0,
kelly oubre jr,points,12.5,False,2026-04-04,,-125.0,-128.0,,-102.0,100.0,-125.0,,100.0,
kelly oubre jr,points,12.5,True,2026-04-04,,-124.0,-130.0,,,-102.0,-124.0,,-102.0,
kelly oubre jr,points,13.5,False,2026-04-04,-111.0,,,-120.0,,,-111.0,,-120.0,
kelly oubre jr,points,13.5,True,2026-04-04,,,-102.0,,,-130.0,-102.0,,-130.0,
kelly oubre jr,points,14.5,True,2026-04-04,115.0,138.0,128.0,,,-168.0,138.0,,-168.0,
kelly oubre jr,points,15.5,True,2026-04-04,,,154.0,,,-210.0,154.0,,-210.0,
kelly oubre jr,points,16.5,True,2026-04-04,,,188.0,,,-260.0,188.0,,-260.0,
kelly oubre jr,points,17.5,True,2026-04-04,,289.0,225.0,,,-320.0,289.0,,-320.0,
kelly oubre jr,points,18.5,True,2026-04-04,,,280.0,,,-420.0,280.0,,-420.0,
kelly oubre jr,points,19.5,True,2026-04-04,400.0,466.0,340.0,,,,466.0,,,
kelly oubre jr,points,24.5,True,2026-04-04,,1380.0,900.0,,,,1380.0,,,
kelly oubre jr,points,29.5,True,2026-04-04,,,1800.0,,,,1800.0,,,
kelly oubre jr,rebounds,2.5,True,2026-04-04,,-403.0,-470.0,,,310.0,-403.0,,310.0,
kelly oubre jr,rebounds,3.5,True,2026-04-04,,-186.0,-210.0,,,154.0,-186.0,,154.0,
kelly oubre jr,rebounds,4.5,False,2026-04-04,,104.0,100.0,,-137.0,-128.0,104.0,,-128.0,
kelly oubre jr,rebounds,4.5,True,2026-04-04,,104.0,-102.0,,,-130.0,104.0,,-130.0,
kelly oubre jr,rebounds,5.5,True,2026-04-04,,185.0,178.0,,,-245.0,185.0,,-245.0,
kelly oubre jr,rebounds,6.5,True,2026-04-04,,320.0,300.0,,,-450.0,320.0,,-450.0,
kelly oubre jr,rebounds,7.5,True,2026-04-04,,525.0,520.0,,,-1000.0,525.0,,-1000.0,
kelly oubre jr,rebounds,8.5,True,2026-04-04,,860.0,,,,,860.0,,,
kelly oubre jr,rebounds,9.5,True,2026-04-04,,1360.0,1100.0,,,,1360.0,,,
kelly oubre jr,rebounds,11.5,True,2026-04-04,,,2200.0,,,,2200.0,,,
kelly oubre jr,threes,0.5,True,2026-04-04,-325.0,-282.0,-265.0,,,,-265.0,,,
kelly oubre jr,threes,1.5,False,2026-04-04,140.0,160.0,164.0,-190.0,-213.0,-215.0,164.0,,-190.0,
kelly oubre jr,threes,1.5,True,2026-04-04,140.0,156.0,164.0,,,,164.0,,,
kelly oubre jr,threes,2.5,True,2026-04-04,425.0,483.0,480.0,,,,483.0,,,
kelly oubre jr,threes,3.5,True,2026-04-04,,1320.0,1100.0,,,,1320.0,,,
kelly oubre jr,threes,4.5,True,2026-04-04,,2800.0,,,,,2800.0,,,
kevin huerter,assists,1.5,True,2026-04-04,,,-235.0,,,,-235.0,,,
kevin huerter,assists,2.5,False,2026-04-04,130.0,140.0,,-175.0,-185.0,,140.0,,-175.0,
kevin huerter,assists,2.5,True,2026-04-04,,139.0,,,,,139.0,,,
kevin huerter,assists,3.5,True,2026-04-04,,337.0,290.0,,,,337.0,,,
kevin huerter,assists,4.5,True,2026-04-04,700.0,760.0,,,,,760.0,,,
kevin huerter,assists,5.5,True,2026-04-04,,1620.0,1300.0,,,,1620.0,,,
kevin huerter,assists,6.5,True,2026-04-04,,2700.0,,,,,2700.0,,,
kevin huerter,points,5.5,True,2026-04-04,,-463.0,,,,,-463.0,,,
kevin huerter,points,7.5,True,2026-04-04,,-216.0,,,,,-216.0,,,
kevin huerter,points,9.5,False,2026-04-04,-115.0,-117.0,-108.0,-115.0,-109.0,-118.0,-108.0,,-109.0,
kevin huerter,points,9.5,True,2026-04-04,-115.0,-115.0,-108.0,,,,-108.0,,,
kevin huerter,points,11.5,True,2026-04-04,,155.0,,,,,155.0,,,
kevin huerter,points,14.5,True,2026-04-04,360.0,335.0,330.0,,,,360.0,,,
kevin huerter,points,17.5,True,2026-04-04,,710.0,,,,,710.0,,,
kevin huerter,points,19.5,True,2026-04-04,,1080.0,1000.0,,,,1080.0,,,
kevin huerter,points,24.5,True,2026-04-04,,2700.0,2200.0,,,,2700.0,,,
kevin huerter,rebounds,2.5,False,2026-04-04,-160.0,-171.0,-170.0,120.0,130.0,130.0,-160.0,,130.0,
kevin huerter,rebounds,2.5,True,2026-04-04,-165.0,-174.0,,,,,-165.0,,,
kevin huerter,rebounds,3.5,True,2026-04-04,,134.0,142.0,,,,142.0,,,
kevin huerter,rebounds,4.5,True,2026-04-04,310.0,287.0,,,,,310.0,,,
kevin huerter,rebounds,5.5,True,2026-04-04,,583.0,600.0,,,,600.0,,,
kevin huerter,rebounds,6.5,True,2026-04-04,,1120.0,,,,,1120.0,,,
kevin huerter,threes,0.5,True,2026-04-04,-400.0,-406.0,-430.0,,,,-400.0,,,
kevin huerter,threes,1.5,False,2026-04-04,105.0,106.0,110.0,-140.0,-140.0,-140.0,110.0,,-140.0,
kevin huerter,threes,1.5,True,2026-04-04,105.0,107.0,110.0,,,,110.0,,,
kevin huerter,threes,2.5,True,2026-04-04,320.0,317.0,330.0,,,,330.0,,,
kevin huerter,threes,3.5,True,2026-04-04,800.0,840.0,870.0,,,,870.0,,,
kevin huerter,threes,4.5,True,2026-04-04,,1800.0,2200.0,,,,2200.0,,,
kon knueppel,assists,1.5,True,2026-04-05,,,-520.0,,,,-520.0,,,
kon knueppel,assists,2.5,False,2026-04-05,,,-174.0,,,130.0,-174.0,,130.0,
kon knueppel,assists,3.5,True,2026-04-05,,,150.0,,,,150.0,,,
kon knueppel,assists,5.5,True,2026-04-05,,,750.0,,,,750.0,,,
kon knueppel,points,7.5,True,2026-04-05,,-2700.0,,,,,-2700.0,,,
kon knueppel,points,9.5,True,2026-04-05,,-1060.0,-1400.0,,,,-1060.0,,,
kon knueppel,points,11.5,True,2026-04-05,,-546.0,,,,,-546.0,,,
kon knueppel,points,14.5,True,2026-04-05,,-248.0,-265.0,,,,-248.0,,,
kon knueppel,points,17.5,True,2026-04-05,,-125.0,,,,,-125.0,,,
kon knueppel,points,18.5,False,2026-04-05,,-104.0,100.0,,-123.0,-132.0,100.0,,-123.0,
kon knueppel,points,18.5,True,2026-04-05,,-102.0,,,,,-102.0,,,
kon knueppel,points,19.5,True,2026-04-05,,120.0,124.0,,,,124.0,,,
kon knueppel,points,24.5,True,2026-04-05,,318.0,340.0,,,,340.0,,,
kon knueppel,points,29.5,True,2026-04-05,,810.0,870.0,,,,870.0,,,
kon knueppel,points,34.5,True,2026-04-05,,1880.0,1700.0,,,,1880.0,,,
kon knueppel,rebounds,3.5,True,2026-04-05,,,-340.0,,,,-340.0,,,
kon knueppel,rebounds,4.5,False,2026-04-05,,,-154.0,,,116.0,-154.0,,116.0,
kon knueppel,rebounds,5.5,True,2026-04-05,,,136.0,,,,136.0,,,
kon knueppel,rebounds,7.5,True,2026-04-05,,,470.0,,,,470.0,,,
kon knueppel,rebounds,9.5,True,2026-04-05,,,1200.0,,,,1200.0,,,
kon knueppel,threes,0.5,True,2026-04-05,,-3700.0,-4000.0,,,,-3700.0,,,
kon knueppel,threes,1.5,True,2026-04-05,,-556.0,-500.0,,,,-500.0,,,
kon knueppel,threes,2.5,True,2026-04-05,,-200.0,-170.0,,,,-170.0,,,
kon knueppel,threes,3.5,False,2026-04-05,,,146.0,,,-198.0,146.0,,-198.0,
kon knueppel,threes,3.5,True,2026-04-05,,114.0,146.0,,,,146.0,,,
kon knueppel,threes,4.5,True,2026-04-05,,236.0,340.0,,,,340.0,,,
kon knueppel,threes,5.5,True,2026-04-05,,466.0,680.0,,,,680.0,,,
kon knueppel,threes,6.5,True,2026-04-05,,890.0,1200.0,,,,1200.0,,,
kon knueppel,threes,7.5,True,2026-04-05,,1620.0,2500.0,,,,2500.0,,,
kon knueppel,threes,8.5,True,2026-04-05,,2500.0,,,,,2500.0,,,
lamelo ball,assists,3.5,True,2026-04-05,,,-2000.0,,,,-2000.0,,,
lamelo ball,assists,5.5,True,2026-04-05,,,-310.0,,,,-310.0,,,
lamelo ball,assists,7.5,False,2026-04-05,,,114.0,,,-152.0,114.0,,-152.0,
lamelo ball,assists,7.5,True,2026-04-05,,,116.0,,,,116.0,,,
lamelo ball,assists,9.5,True,2026-04-05,,,290.0,,,,290.0,,,
lamelo ball,assists,11.5,True,2026-04-05,,,870.0,,,,870.0,,,
lamelo ball,assists,13.5,True,2026-04-05,,,1800.0,,,,1800.0,,,
lamelo ball,points,9.5,True,2026-04-05,,-1680.0,-2000.0,,,,-1680.0,,,
lamelo ball,points,11.5,True,2026-04-05,,-770.0,,,,,-770.0,,,
lamelo ball,points,14.5,True,2026-04-05,,-321.0,-340.0,,,,-321.0,,,
lamelo ball,points,17.5,True,2026-04-05,,-158.0,,,,,-158.0,,,
lamelo ball,points,19.5,False,2026-04-05,,-102.0,-106.0,,-125.0,-125.0,-102.0,,-125.0,
lamelo ball,points,19.5,True,2026-04-05,,-102.0,-104.0,,,,-102.0,,,
lamelo ball,points,24.5,True,2026-04-05,,268.0,265.0,,,,268.0,,,
lamelo ball,points,29.5,True,2026-04-05,,690.0,700.0,,,,700.0,,,
lamelo ball,points,34.5,True,2026-04-05,,1660.0,1500.0,,,,1660.0,,,
lamelo ball,points,39.5,True,2026-04-05,,,4000.0,,,,4000.0,,,
lamelo ball,rebounds,3.5,True,2026-04-05,,,-350.0,,,,-350.0,,,
lamelo ball,rebounds,5.5,False,2026-04-05,,,122.0,,,-162.0,122.0,,-162.0,
lamelo ball,rebounds,5.5,True,2026-04-05,,,126.0,,,,126.0,,,
lamelo ball,rebounds,7.5,True,2026-04-05,,,430.0,,,,430.0,,,
lamelo ball,rebounds,9.5,True,2026-04-05,,,1000.0,,,,1000.0,,,
lamelo ball,threes,1.5,True,2026-04-05,,-700.0,-900.0,,,,-700.0,,,
lamelo ball,threes,2.5,True,2026-04-05,,-229.0,-265.0,,,,-229.0,,,
lamelo ball,threes,3.5,False,2026-04-05,,104.0,-112.0,,-137.0,-118.0,104.0,,-118.0,
lamelo ball,threes,3.5,True,2026-04-05,,104.0,-111.0,,,,104.0,,,
lamelo ball,threes,4.5,True,2026-04-05,,219.0,210.0,,,,219.0,,,
lamelo ball,threes,5.5,True,2026-04-05,,436.0,420.0,,,,436.0,,,
lamelo ball,threes,6.5,True,2026-04-05,,830.0,830.0,,,,830.0,,,
lamelo ball,threes,7.5,True,2026-04-05,,1520.0,1500.0,,,,1520.0,,,
lamelo ball,threes,8.5,True,2026-04-05,,2500.0,2500.0,,,,2500.0,,,
miles bridges,assists,1.5,True,2026-04-05,,,-225.0,,,,-225.0,,,
miles bridges,assists,2.5,False,2026-04-05,,,140.0,,,-188.0,140.0,,-188.0,
miles bridges,assists,3.5,True,2026-04-05,,,350.0,,,,350.0,,,
miles bridges,assists,5.5,True,2026-04-05,,,1500.0,,,,1500.0,,,
miles bridges,points,9.5,True,2026-04-05,,,-560.0,,,,-560.0,,,
miles bridges,points,14.5,True,2026-04-05,,,-122.0,,,,-122.0,,,
miles bridges,points,15.5,False,2026-04-05,,,102.0,,,-136.0,102.0,,-136.0,
miles bridges,points,19.5,True,2026-04-05,,,260.0,,,,260.0,,,
miles bridges,points,24.5,True,2026-04-05,,,800.0,,,,800.0,,,
miles bridges,points,29.5,True,2026-04-05,,,1800.0,,,,1800.0,,,
miles bridges,rebounds,2.5,True,2026-04-05,,-1460.0,,,,,-1460.0,,,
miles bridges,rebounds,3.5,True,2026-04-05,,-492.0,-480.0,,,,-480.0,,,
miles bridges,rebounds,4.5,True,2026-04-05,,-228.0,,,,,-228.0,,,
miles bridges,rebounds,5.5,False,2026-04-05,,-116.0,-106.0,,-113.0,-125.0,-106.0,,-113.0,
miles bridges,rebounds,5.5,True,2026-04-05,,-116.0,-104.0,,,,-104.0,,,
miles bridges,rebounds,6.5,True,2026-04-05,,158.0,,,,,158.0,,,
miles bridges,rebounds,7.5,True,2026-04-05,,280.0,310.0,,,,310.0,,,
miles bridges,rebounds,8.5,True,2026-04-05,,498.0,,,,,498.0,,,
miles bridges,rebounds,9.5,True,2026-04-05,,850.0,870.0,,,,870.0,,,
miles bridges,rebounds,10.5,True,2026-04-05,,1400.0,,,,,1400.0,,,
miles bridges,rebounds,11.5,True,2026-04-05,,,1800.0,,,,1800.0,,,
miles bridges,threes,0.5,True,2026-04-05,,-480.0,-500.0,,,,-480.0,,,
miles bridges,threes,1.5,False,2026-04-05,,-107.0,-112.0,,-123.0,-118.0,-107.0,,-118.0,
miles bridges,threes,1.5,True,2026-04-05,,-107.0,-111.0,,,,-107.0,,,
miles bridges,threes,2.5,True,2026-04-05,,274.0,285.0,,,,285.0,,,
miles bridges,threes,3.5,True,2026-04-05,,730.0,750.0,,,,750.0,,,
miles bridges,threes,4.5,True,2026-04-05,,1700.0,1900.0,,,,1900.0,,,
moussa diabate,points,5.5,True,2026-04-05,,-272.0,,,,,-272.0,,,
moussa diabate,points,7.5,False,2026-04-05,,-115.0,-114.0,,-111.0,-114.0,-114.0,,-111.0,
moussa diabate,points,7.5,True,2026-04-05,,-115.0,,,,,-115.0,,,
moussa diabate,points,9.5,True,2026-04-05,,183.0,180.0,,,,183.0,,,
moussa diabate,points,11.5,True,2026-04-05,,363.0,,,,,363.0,,,
moussa diabate,points,14.5,True,2026-04-05,,980.0,830.0,,,,980.0,,,
moussa diabate,points,17.5,True,2026-04-05,,2100.0,,,,,2100.0,,,
moussa diabate,rebounds,5.5,True,2026-04-05,,,-900.0,,,,-900.0,,,
moussa diabate,rebounds,7.5,True,2026-04-05,,,-225.0,,,,-225.0,,,
moussa diabate,rebounds,9.5,False,2026-04-05,,,104.0,,,-138.0,104.0,,-138.0,
moussa diabate,rebounds,9.5,True,2026-04-05,,,108.0,,,,108.0,,,
moussa diabate,rebounds,11.5,True,2026-04-05,,,280.0,,,,280.0,,,
moussa diabate,rebounds,13.5,True,2026-04-05,,,680.0,,,,680.0,,,
moussa diabate,rebounds,15.5,True,2026-04-05,,,1400.0,,,,1400.0,,,
naz reid,points,5.5,True,2026-04-05,,-1320.0,,,,,-1320.0,,,
naz reid,points,7.5,True,2026-04-05,,-513.0,,,,,-513.0,,,
naz reid,points,9.5,True,2026-04-05,,-248.0,-235.0,,,,-235.0,,,
naz reid,points,11.5,True,2026-04-05,,-132.0,,,,,-132.0,,,
naz reid,points,12.5,False,2026-04-05,,101.0,-106.0,,-129.0,-125.0,101.0,,-125.0,
naz reid,points,12.5,True,2026-04-05,,102.0,,,,,102.0,,,
naz reid,points,14.5,True,2026-04-05,,177.0,150.0,,,,177.0,,,
naz reid,points,17.5,True,2026-04-05,,385.0,,,,,385.0,,,
naz reid,points,19.5,True,2026-04-05,,610.0,400.0,,,,610.0,,,
naz reid,points,24.5,True,2026-04-05,,1880.0,1060.0,,,,1880.0,,,
naz reid,points,29.5,True,2026-04-05,,,2500.0,,,,2500.0,,,
naz reid,rebounds,2.5,True,2026-04-05,,-1840.0,,,,,-1840.0,,,
naz reid,rebounds,3.5,True,2026-04-05,,-568.0,-480.0,,,,-480.0,,,
naz reid,rebounds,4.5,True,2026-04-05,,-248.0,,,,,-248.0,,,
naz reid,rebounds,5.5,False,2026-04-05,,-123.0,-112.0,,-107.0,-118.0,-112.0,,-107.0,
naz reid,rebounds,5.5,True,2026-04-05,,-123.0,-111.0,,,,-111.0,,,
naz reid,rebounds,6.5,True,2026-04-05,,152.0,,,,,152.0,,,
naz reid,rebounds,7.5,True,2026-04-05,,275.0,300.0,,,,300.0,,,
naz reid,rebounds,8.5,True,2026-04-05,,483.0,,,,,483.0,,,
naz reid,rebounds,9.5,True,2026-04-05,,820.0,800.0,,,,820.0,,,
naz reid,rebounds,10.5,True,2026-04-05,,1360.0,,,,,1360.0,,,
naz reid,rebounds,11.5,True,2026-04-05,,,1700.0,,,,1700.0,,,
naz reid,threes,0.5,True,2026-04-05,,,-620.0,,,,-620.0,,,
naz reid,threes,1.5,False,2026-04-05,,,-138.0,,,104.0,-138.0,,104.0,
naz reid,threes,1.5,True,2026-04-05,,,-138.0,,,,-138.0,,,
naz reid,threes,2.5,True,2026-04-05,,,215.0,,,,215.0,,,
naz reid,threes,3.5,True,2026-04-05,,,500.0,,,,500.0,,,
naz reid,threes,4.5,True,2026-04-05,,,1000.0,,,,1000.0,,,
naz reid,threes,5.5,True,2026-04-05,,,2000.0,,,,2000.0,,,
neemias queta,points,9.5,True,2026-04-05,,,-132.0,,,,-132.0,,,
neemias queta,points,10.5,False,2026-04-05,,,102.0,,,-136.0,102.0,,-136.0,
neemias queta,points,14.5,True,2026-04-05,,,310.0,,,,310.0,,,
neemias queta,points,19.5,True,2026-04-05,,,1060.0,,,,1060.0,,,
neemias queta,rebounds,5.5,True,2026-04-05,,,-900.0,,,,-900.0,,,
neemias queta,rebounds,7.5,True,2026-04-05,,,-235.0,,,,-235.0,,,
neemias queta,rebounds,8.5,False,2026-04-05,,,-138.0,,,104.0,-138.0,,104.0,
neemias queta,rebounds,9.5,True,2026-04-05,,,100.0,,,,100.0,,,
neemias queta,rebounds,11.5,True,2026-04-05,,,250.0,,,,250.0,,,
neemias queta,rebounds,13.5,True,2026-04-05,,,600.0,,,,600.0,,,
neemias queta,rebounds,15.5,True,2026-04-05,,,1300.0,,,,1300.0,,,
nikola jokic,points,39.5,True,2026-04-04,,700.0,750.0,,,,750.0,,,
nikola jokic,points,44.5,True,2026-04-04,,,4000.0,,,,4000.0,,,
paul george,assists,1.5,True,2026-04-04,,,-1400.0,,,,-1400.0,,,
paul george,assists,2.5,True,2026-04-04,-500.0,-363.0,-390.0,,,265.0,-363.0,,265.0,
paul george,assists,3.5,False,2026-04-04,,-146.0,-140.0,,111.0,110.0,-140.0,,111.0,
paul george,assists,3.5,True,2026-04-04,,-147.0,-140.0,,,108.0,-140.0,,108.0,
paul george,assists,4.5,False,2026-04-04,110.0,,,-150.0,,,110.0,,-150.0,
paul george,assists,4.5,True,2026-04-04,110.0,150.0,168.0,,,-230.0,168.0,,-230.0,
paul george,assists,5.5,True,2026-04-04,,308.0,340.0,,,-500.0,340.0,,-500.0,
paul george,assists,6.5,True,2026-04-04,425.0,600.0,,,,-1450.0,600.0,,-1450.0,
paul george,assists,7.5,True,2026-04-04,,1140.0,1300.0,,,,1300.0,,,
paul george,assists,8.5,True,2026-04-04,,2000.0,,,,,2000.0,,,
paul george,points,9.5,True,2026-04-04,,-1780.0,-2500.0,,,,-1780.0,,,
paul george,points,11.5,True,2026-04-04,,-810.0,,,,,-810.0,,,
paul george,points,12.5,True,2026-04-04,,,-670.0,,,400.0,-670.0,,400.0,
paul george,points,13.5,True,2026-04-04,,,-490.0,,,320.0,-490.0,,320.0,
paul george,points,14.5,True,2026-04-04,-400.0,-327.0,-350.0,,,255.0,-327.0,,255.0,
paul george,points,15.5,True,2026-04-04,,,-275.0,,,198.0,-275.0,,198.0,
paul george,points,16.5,True,2026-04-04,,,-220.0,,,162.0,-220.0,,162.0,
paul george,points,17.5,True,2026-04-04,,-157.0,-172.0,,,128.0,-157.0,,128.0,
paul george,points,18.5,False,2026-04-04,,-125.0,,,-102.0,,-125.0,,-102.0,
paul george,points,18.5,True,2026-04-04,,-125.0,-136.0,,,102.0,-125.0,,102.0,
paul george,points,19.5,False,2026-04-04,-120.0,,-104.0,-111.0,,-122.0,-104.0,,-111.0,
paul george,points,19.5,True,2026-04-04,-120.0,-102.0,-104.0,,,-125.0,-102.0,,-125.0,
paul george,points,20.5,True,2026-04-04,,,118.0,,,-158.0,118.0,,-158.0,
paul george,points,21.5,True,2026-04-04,,,148.0,,,-200.0,148.0,,-200.0,
paul george,points,22.5,True,2026-04-04,,,178.0,,,-245.0,178.0,,-245.0,
paul george,points,23.5,True,2026-04-04,,,220.0,,,-310.0,220.0,,-310.0,
paul george,points,24.5,True,2026-04-04,230.0,278.0,265.0,,,-390.0,278.0,,-390.0,
paul george,points,25.5,True,2026-04-04,,,320.0,,,-490.0,320.0,,-490.0,
paul george,points,26.5,True,2026-04-04,,,390.0,,,-650.0,390.0,,-650.0,
paul george,points,27.5,True,2026-04-04,,,490.0,,,-900.0,490.0,,-900.0,
paul george,points,29.5,True,2026-04-04,625.0,750.0,750.0,,,,750.0,,,
paul george,points,34.5,True,2026-04-04,,1780.0,1500.0,,,,1780.0,,,
paul george,points,39.5,True,2026-04-04,,,5000.0,,,,5000.0,,,
paul george,rebounds,2.5,True,2026-04-04,-1200.0,-1340.0,-1450.0,,,,-1200.0,,,
paul george,rebounds,3.5,True,2026-04-04,,-448.0,-470.0,,,310.0,-448.0,,310.0,
paul george,rebounds,4.5,True,2026-04-04,-210.0,-204.0,-200.0,,,148.0,-200.0,,148.0,
paul george,rebounds,5.5,False,2026-04-04,-105.0,-103.0,102.0,-125.0,-127.0,-130.0,102.0,,-125.0,
paul george,rebounds,5.5,True,2026-04-04,,-104.0,102.0,,,-136.0,102.0,,-136.0,
paul george,rebounds,6.5,True,2026-04-04,175.0,178.0,188.0,,,-260.0,188.0,,-260.0,
paul george,rebounds,7.5,True,2026-04-04,,325.0,320.0,,,-500.0,325.0,,-500.0,
paul george,rebounds,8.5,True,2026-04-04,,584.0,,,,-1200.0,584.0,,-1200.0,
paul george,rebounds,9.5,True,2026-04-04,,1000.0,870.0,,,,1000.0,,,
paul george,rebounds,10.5,True,2026-04-04,,1640.0,,,,,1640.0,,,
paul george,rebounds,11.5,True,2026-04-04,,,2200.0,,,,2200.0,,,
paul george,threes,0.5,True,2026-04-04,,-2900.0,-3000.0,,,,-2900.0,,,
paul george,threes,1.5,True,2026-04-04,-500.0,-435.0,-430.0,,,,-430.0,,,
paul george,threes,2.5,False,2026-04-04,-160.0,-150.0,-136.0,120.0,114.0,108.0,-136.0,,120.0,
paul george,threes,2.5,True,2026-04-04,-160.0,-148.0,-136.0,,,,-136.0,,,
paul george,threes,3.5,True,2026-04-04,150.0,161.0,190.0,,,,190.0,,,
paul george,threes,4.5,True,2026-04-04,333.0,351.0,440.0,,,,440.0,,,
paul george,threes,5.5,True,2026-04-04,,740.0,900.0,,,,900.0,,,
paul george,threes,6.5,True,2026-04-04,,1480.0,1700.0,,,,1700.0,,,
paul george,threes,7.5,True,2026-04-04,,2500.0,4000.0,,,,4000.0,,,
payton pritchard,assists,1.5,True,2026-04-05,,,-2200.0,,,,-2200.0,,,
payton pritchard,assists,3.5,True,2026-04-05,,,-188.0,,,,-188.0,,,
payton pritchard,assists,4.5,False,2026-04-05,,,114.0,,,-152.0,114.0,,-152.0,
payton pritchard,assists,5.5,True,2026-04-05,,,230.0,,,,230.0,,,
payton pritchard,assists,7.5,True,2026-04-05,,,800.0,,,,800.0,,,
payton pritchard,assists,9.5,True,2026-04-05,,,1700.0,,,,1700.0,,,
payton pritchard,points,9.5,True,2026-04-05,,,-670.0,,,,-670.0,,,
payton pritchard,points,14.5,True,2026-04-05,,,-160.0,,,,-160.0,,,
payton pritchard,points,15.5,False,2026-04-05,,,-130.0,,,-102.0,-130.0,,-102.0,
payton pritchard,points,19.5,True,2026-04-05,,,210.0,,,,210.0,,,
payton pritchard,points,24.5,True,2026-04-05,,,600.0,,,,600.0,,,
payton pritchard,points,29.5,True,2026-04-05,,,1500.0,,,,1500.0,,,
payton pritchard,rebounds,3.5,False,2026-04-05,,,128.0,,,-172.0,128.0,,-172.0,
payton pritchard,rebounds,3.5,True,2026-04-05,,,130.0,,,,130.0,,,
payton pritchard,rebounds,5.5,True,2026-04-05,,,600.0,,,,600.0,,,
payton pritchard,threes,0.5,True,2026-04-05,,,-4000.0,,,,-4000.0,,,
payton pritchard,threes,1.5,True,2026-04-05,,,-480.0,,,,-480.0,,,
payton pritchard,threes,2.5,False,2026-04-05,,,-158.0,,,118.0,-158.0,,118.0,
payton pritchard,threes,2.5,True,2026-04-05,,,-156.0,,,,-156.0,,,
payton pritchard,threes,3.5,True,2026-04-05,,,162.0,,,,162.0,,,
payton pritchard,threes,4.5,True,2026-04-05,,,370.0,,,,370.0,,,
payton pritchard,threes,5.5,True,2026-04-05,,,800.0,,,,800.0,,,
payton pritchard,threes,6.5,True,2026-04-05,,,1400.0,,,,1400.0,,,
payton pritchard,threes,7.5,True,2026-04-05,,,2500.0,,,,2500.0,,,
quentin grimes,assists,1.5,True,2026-04-04,,,-460.0,,,,-460.0,,,
quentin grimes,assists,2.5,False,2026-04-04,-125.0,-138.0,-154.0,-105.0,105.0,120.0,-125.0,,120.0,
quentin grimes,assists,2.5,True,2026-04-04,-125.0,-135.0,,,,,-125.0,,,
quentin grimes,assists,3.5,True,2026-04-04,,182.0,172.0,,,,182.0,,,
quentin grimes,assists,4.5,True,2026-04-04,425.0,410.0,,,,,425.0,,,
quentin grimes,assists,5.5,True,2026-04-04,,860.0,800.0,,,,860.0,,,
quentin grimes,assists,6.5,True,2026-04-04,,1700.0,,,,,1700.0,,,
quentin grimes,assists,7.5,True,2026-04-04,,2800.0,,,,,2800.0,,,
quentin grimes,points,5.5,True,2026-04-04,,-1180.0,,,,,-1180.0,,,
quentin grimes,points,6.5,True,2026-04-04,,,-750.0,,,430.0,-750.0,,430.0,
quentin grimes,points,7.5,True,2026-04-04,,-475.0,-490.0,,,320.0,-475.0,,320.0,
quentin grimes,points,8.5,True,2026-04-04,,,-330.0,,,230.0,-330.0,,230.0,
quentin grimes,points,9.5,True,2026-04-04,-235.0,-233.0,-235.0,,,178.0,-233.0,,178.0,
quentin grimes,points,10.5,True,2026-04-04,,,-178.0,,,132.0,-178.0,,132.0,
quentin grimes,points,11.5,False,2026-04-04,-120.0,-125.0,-125.0,-110.0,-102.0,-102.0,-120.0,,-102.0,
quentin grimes,points,11.5,True,2026-04-04,,-126.0,-130.0,,,-102.0,-126.0,,-102.0,
quentin grimes,points,12.5,True,2026-04-04,,,104.0,,,-138.0,104.0,,-138.0,
quentin grimes,points,13.5,True,2026-04-04,,,140.0,,,-188.0,140.0,,-188.0,
quentin grimes,points,14.5,True,2026-04-04,185.0,177.0,180.0,,,-245.0,185.0,,-245.0,
quentin grimes,points,15.5,True,2026-04-04,,,225.0,,,-320.0,225.0,,-320.0,
quentin grimes,points,17.5,True,2026-04-04,,380.0,,,,,380.0,,,
quentin grimes,points,19.5,True,2026-04-04,625.0,610.0,560.0,,,,625.0,,,
quentin grimes,points,24.5,True,2026-04-04,,1780.0,1700.0,,,,1780.0,,,
quentin grimes,rebounds,1.5,True,2026-04-04,,,-650.0,,,390.0,-650.0,,390.0,
quentin grimes,rebounds,2.5,True,2026-04-04,,-183.0,-210.0,,,154.0,-183.0,,154.0,
quentin grimes,rebounds,3.5,False,2026-04-04,,132.0,124.0,,-174.0,-160.0,132.0,,-160.0,
quentin grimes,rebounds,3.5,True,2026-04-04,,132.0,122.0,,,-162.0,132.0,,-162.0,
quentin grimes,rebounds,4.5,True,2026-04-04,,294.0,265.0,,,-390.0,294.0,,-390.0,
quentin grimes,rebounds,5.5,True,2026-04-04,,610.0,560.0,,,-1100.0,610.0,,-1100.0,
quentin grimes,rebounds,6.5,True,2026-04-04,,1220.0,,,,,1220.0,,,
quentin grimes,threes,0.5,True,2026-04-04,-450.0,-406.0,-400.0,,,,-400.0,,,
quentin grimes,threes,1.5,False,2026-04-04,105.0,108.0,120.0,-145.0,-143.0,-154.0,120.0,,-143.0,
quentin grimes,threes,1.5,True,2026-04-04,105.0,108.0,120.0,,,,120.0,,,
quentin grimes,threes,2.5,True,2026-04-04,325.0,337.0,360.0,,,,360.0,,,
quentin grimes,threes,3.5,True,2026-04-04,825.0,870.0,1000.0,,,,1000.0,,,
quentin grimes,threes,4.5,True,2026-04-04,,1920.0,,,,,1920.0,,,
r.j. barrett,assists,1.5,True,2026-04-05,,,-770.0,,,,-770.0,,,
r.j. barrett,assists,3.5,False,2026-04-05,,,104.0,,,-138.0,104.0,,-138.0,
r.j. barrett,assists,3.5,True,2026-04-05,,,106.0,,,,106.0,,,
r.j. barrett,assists,5.5,True,2026-04-05,,,470.0,,,,470.0,,,
r.j. barrett,assists,7.5,True,2026-04-05,,,1500.0,,,,1500.0,,,
r.j. barrett,points,9.5,True,2026-04-05,,,-4500.0,,,,-4500.0,,,
r.j. barrett,points,11.5,True,2026-04-05,,-1460.0,,,,,-1460.0,,,
r.j. barrett,points,14.5,True,2026-04-05,,-512.0,-520.0,,,,-512.0,,,
r.j. barrett,points,17.5,True,2026-04-05,,-235.0,,,,,-235.0,,,
r.j. barrett,points,19.5,True,2026-04-05,,-151.0,-154.0,,,,-151.0,,,
r.j. barrett,points,20.5,False,2026-04-05,,-120.0,-128.0,,-106.0,-104.0,-120.0,,-104.0,
r.j. barrett,points,20.5,True,2026-04-05,,-120.0,,,,,-120.0,,,
r.j. barrett,points,24.5,True,2026-04-05,,191.0,186.0,,,,191.0,,,
r.j. barrett,points,29.5,True,2026-04-05,,507.0,480.0,,,,507.0,,,
r.j. barrett,points,34.5,True,2026-04-05,,1360.0,1100.0,,,,1360.0,,,
r.j. barrett,points,39.5,True,2026-04-05,,2800.0,3000.0,,,,3000.0,,,
r.j. barrett,rebounds,3.5,True,2026-04-05,,,-410.0,,,,-410.0,,,
r.j. barrett,rebounds,5.5,False,2026-04-05,,,110.0,,,-146.0,110.0,,-146.0,
r.j. barrett,rebounds,5.5,True,2026-04-05,,,112.0,,,,112.0,,,
r.j. barrett,rebounds,7.5,True,2026-04-05,,,360.0,,,,360.0,,,
r.j. barrett,rebounds,9.5,True,2026-04-05,,,1000.0,,,,1000.0,,,
r.j. barrett,threes,0.5,True,2026-04-05,,,-700.0,,,,-700.0,,,
r.j. barrett,threes,1.5,False,2026-04-05,,,-148.0,,,112.0,-148.0,,112.0,
r.j. barrett,threes,1.5,True,2026-04-05,,,-146.0,,,,-146.0,,,
r.j. barrett,threes,2.5,True,2026-04-05,,,210.0,,,,210.0,,,
r.j. barrett,threes,3.5,True,2026-04-05,,,540.0,,,,540.0,,,
r.j. barrett,threes,4.5,True,2026-04-05,,,1300.0,,,,1300.0,,,
r.j. barrett,threes,5.5,True,2026-04-05,,,3000.0,,,,3000.0,,,
rudy gobert,points,5.5,True,2026-04-05,,-950.0,,,,,-950.0,,,
rudy gobert,points,7.5,True,2026-04-05,,-350.0,,,,,-350.0,,,
rudy gobert,points,9.5,True,2026-04-05,,-162.0,-148.0,,,,-148.0,,,
rudy gobert,points,10.5,False,2026-04-05,,-106.0,-108.0,,-120.0,-122.0,-106.0,,-120.0,
rudy gobert,points,10.5,True,2026-04-05,,-107.0,,,,,-107.0,,,
rudy gobert,points,11.5,True,2026-04-05,,122.0,,,,,122.0,,,
rudy gobert,points,14.5,True,2026-04-05,,334.0,310.0,,,,334.0,,,
rudy gobert,points,17.5,True,2026-04-05,,760.0,,,,,760.0,,,
rudy gobert,points,19.5,True,2026-04-05,,1360.0,1100.0,,,,1360.0,,,
rudy gobert,rebounds,6.5,True,2026-04-05,,-2700.0,,,,,-2700.0,,,
rudy gobert,rebounds,7.5,True,2026-04-05,,-1100.0,-850.0,,,,-850.0,,,
rudy gobert,rebounds,8.5,True,2026-04-05,,-576.0,,,,,-576.0,,,
rudy gobert,rebounds,9.5,True,2026-04-05,,-336.0,-330.0,,,,-330.0,,,
rudy gobert,rebounds,10.5,True,2026-04-05,,-206.0,,,,,-206.0,,,
rudy gobert,rebounds,11.5,False,2026-04-05,,-132.0,-128.0,,100.0,-104.0,-128.0,,100.0,
rudy gobert,rebounds,11.5,True,2026-04-05,,-132.0,-125.0,,,,-125.0,,,
rudy gobert,rebounds,12.5,True,2026-04-05,,118.0,,,,,118.0,,,
rudy gobert,rebounds,13.5,True,2026-04-05,,180.0,190.0,,,,190.0,,,
rudy gobert,rebounds,14.5,True,2026-04-05,,268.0,,,,,268.0,,,
rudy gobert,rebounds,15.5,True,2026-04-05,,407.0,400.0,,,,407.0,,,
rudy gobert,rebounds,16.5,True,2026-04-05,,600.0,,,,,600.0,,,
rudy gobert,rebounds,17.5,True,2026-04-05,,910.0,,,,,910.0,,,
rudy gobert,rebounds,18.5,True,2026-04-05,,1360.0,,,,,1360.0,,,
scottie barnes,assists,3.5,True,2026-04-05,,,-4500.0,,,,-4500.0,,,
scottie barnes,assists,5.5,True,2026-04-05,,,-520.0,,,,-520.0,,,
scottie barnes,assists,7.5,True,2026-04-05,,,-142.0,,,,-142.0,,,
scottie barnes,assists,8.5,False,2026-04-05,,,118.0,,,-158.0,118.0,,-158.0,
scottie barnes,assists,9.5,True,2026-04-05,,,182.0,,,,182.0,,,
scottie barnes,assists,11.5,True,2026-04-05,,,480.0,,,,480.0,,,
scottie barnes,assists,13.5,True,2026-04-05,,,1200.0,,,,1200.0,,,
scottie barnes,points,9.5,True,2026-04-05,,-1580.0,-1600.0,,,,-1580.0,,,
scottie barnes,points,11.5,True,2026-04-05,,-710.0,,,,,-710.0,,,
scottie barnes,points,14.5,True,2026-04-05,,-283.0,-265.0,,,,-265.0,,,
scottie barnes,points,17.5,False,2026-04-05,,,-128.0,,,-104.0,-128.0,,-104.0,
scottie barnes,points,17.5,True,2026-04-05,,-135.0,,,,,-135.0,,,
scottie barnes,points,18.5,False,2026-04-05,,-106.0,,,-120.0,,-106.0,,-120.0,
scottie barnes,points,18.5,True,2026-04-05,,-107.0,,,,,-107.0,,,
scottie barnes,points,19.5,True,2026-04-05,,117.0,126.0,,,,126.0,,,
scottie barnes,points,24.5,True,2026-04-05,,339.0,350.0,,,,350.0,,,
scottie barnes,points,29.5,True,2026-04-05,,950.0,1000.0,,,,1000.0,,,
scottie barnes,points,34.5,True,2026-04-05,,2300.0,2500.0,,,,2500.0,,,
scottie barnes,rebounds,3.5,True,2026-04-05,,,-1800.0,,,,-1800.0,,,
scottie barnes,rebounds,5.5,True,2026-04-05,,,-290.0,,,,-290.0,,,
scottie barnes,rebounds,7.5,False,2026-04-05,,,120.0,,,-160.0,120.0,,-160.0,
scottie barnes,rebounds,7.5,True,2026-04-05,,,124.0,,,,124.0,,,
scottie barnes,rebounds,9.5,True,2026-04-05,,,280.0,,,,280.0,,,
scottie barnes,rebounds,11.5,True,2026-04-05,,,800.0,,,,800.0,,,
scottie barnes,rebounds,13.5,True,2026-04-05,,,1700.0,,,,1700.0,,,
tobias harris,assists,1.5,True,2026-04-04,,,-620.0,,,390.0,-620.0,,390.0,
tobias harris,assists,2.5,True,2026-04-04,-210.0,-202.0,-188.0,,,140.0,-188.0,,140.0,
tobias harris,assists,3.5,False,2026-04-04,115.0,122.0,136.0,-155.0,-161.0,-174.0,136.0,,-155.0,
tobias harris,assists,3.5,True,2026-04-04,,122.0,136.0,,,-180.0,136.0,,-180.0,
tobias harris,assists,4.5,True,2026-04-04,250.0,279.0,290.0,,,-440.0,290.0,,-440.0,
tobias harris,assists,5.5,True,2026-04-04,,597.0,630.0,,,-1400.0,630.0,,-1400.0,
tobias harris,assists,6.5,True,2026-04-04,,1200.0,,,,,1200.0,,,
tobias harris,assists,7.5,True,2026-04-04,,2200.0,2000.0,,,,2200.0,,,
tobias harris,points,7.5,True,2026-04-04,,-1060.0,,,,,-1060.0,,,
tobias harris,points,8.5,True,2026-04-04,,,-850.0,,,470.0,-850.0,,470.0,
tobias harris,points,9.5,True,2026-04-04,-500.0,-442.0,-530.0,,,360.0,-442.0,,360.0,
tobias harris,points,10.5,True,2026-04-04,,,-400.0,,,270.0,-400.0,,270.0,
tobias harris,points,11.5,True,2026-04-04,,-227.0,-275.0,,,198.0,-227.0,,198.0,
tobias harris,points,12.5,True,2026-04-04,,,-210.0,,,154.0,-210.0,,154.0,
tobias harris,points,13.5,False,2026-04-04,-135.0,-128.0,,100.0,100.0,,-128.0,,100.0,
tobias harris,points,13.5,True,2026-04-04,,-128.0,-154.0,,,116.0,-128.0,,116.0,
tobias harris,points,14.5,False,2026-04-04,,,-113.0,,,-113.0,-113.0,,-113.0,
tobias harris,points,14.5,True,2026-04-04,-105.0,103.0,-113.0,,,-114.0,103.0,,-114.0,
tobias harris,points,15.5,True,2026-04-04,,,116.0,,,-154.0,116.0,,-154.0,
tobias harris,points,16.5,True,2026-04-04,,,148.0,,,-200.0,148.0,,-200.0,
tobias harris,points,17.5,True,2026-04-04,,226.0,188.0,,,-260.0,226.0,,-260.0,
tobias harris,points,18.5,True,2026-04-04,,,235.0,,,-340.0,235.0,,-340.0,
tobias harris,points,19.5,True,2026-04-04,333.0,374.0,310.0,,,-470.0,374.0,,-470.0,
tobias harris,points,20.5,True,2026-04-04,,,370.0,,,-600.0,370.0,,-600.0,
tobias harris,points,24.5,True,2026-04-04,,1200.0,900.0,,,,1200.0,,,
tobias harris,points,29.5,True,2026-04-04,,3000.0,2500.0,,,,3000.0,,,
tobias harris,rebounds,2.5,True,2026-04-04,-2000.0,-2000.0,,,,,-2000.0,,,
tobias harris,rebounds,3.5,True,2026-04-04,,-650.0,-600.0,,,370.0,-600.0,,370.0,
tobias harris,rebounds,4.5,True,2026-04-04,-275.0,-275.0,-260.0,,,188.0,-260.0,,188.0,
tobias harris,rebounds,5.5,False,2026-04-04,-135.0,-135.0,-125.0,100.0,102.0,-102.0,-125.0,,102.0,
tobias harris,rebounds,5.5,True,2026-04-04,,-134.0,-130.0,,,-102.0,-130.0,,-102.0,
tobias harris,rebounds,6.5,True,2026-04-04,140.0,141.0,152.0,,,-205.0,152.0,,-205.0,
tobias harris,rebounds,7.5,True,2026-04-04,,256.0,270.0,,,-400.0,270.0,,-400.0,
tobias harris,rebounds,8.5,True,2026-04-04,,455.0,450.0,,,-800.0,455.0,,-800.0,
tobias harris,rebounds,9.5,True,2026-04-04,750.0,820.0,750.0,,,,820.0,,,
tobias harris,rebounds,10.5,True,2026-04-04,,1340.0,,,,,1340.0,,,
tobias harris,rebounds,11.5,True,2026-04-04,,,1700.0,,,,1700.0,,,
tobias harris,threes,0.5,True,2026-04-04,-300.0,-296.0,-310.0,,,,-296.0,,,
tobias harris,threes,1.5,False,2026-04-04,145.0,147.0,164.0,-200.0,-196.0,-215.0,164.0,,-196.0,
tobias harris,threes,1.5,True,2026-04-04,145.0,152.0,164.0,,,,164.0,,,
tobias harris,threes,2.5,True,2026-04-04,450.0,491.0,520.0,,,,520.0,,,
tobias harris,threes,3.5,True,2026-04-04,,1340.0,1400.0,,,,1400.0,,,
tobias harris,threes,4.5,True,2026-04-04,,2800.0,,,,,2800.0,,,
tyrese maxey,assists,2.5,True,2026-04-04,,-4200.0,,,,,-4200.0,,,
tyrese maxey,assists,3.5,True,2026-04-04,,-1120.0,-1600.0,,,,-1120.0,,,
tyrese maxey,assists,4.5,True,2026-04-04,-450.0,-462.0,-580.0,,,360.0,-450.0,,360.0,
tyrese maxey,assists,5.5,True,2026-04-04,,-225.0,-245.0,,,182.0,-225.0,,182.0,
tyrese maxey,assists,6.5,False,2026-04-04,-105.0,-119.0,-120.0,-125.0,-110.0,-106.0,-105.0,,-106.0,
tyrese maxey,assists,6.5,True,2026-04-04,-105.0,-120.0,-122.0,,,-108.0,-105.0,,-108.0,
tyrese maxey,assists,7.5,True,2026-04-04,,147.0,158.0,,,-215.0,158.0,,-215.0,
tyrese maxey,assists,8.5,True,2026-04-04,,258.0,280.0,,,-420.0,280.0,,-420.0,
tyrese maxey,assists,9.5,True,2026-04-04,525.0,440.0,420.0,,,-670.0,525.0,,-670.0,
tyrese maxey,assists,10.5,True,2026-04-04,,750.0,,,,,750.0,,,
tyrese maxey,assists,11.5,True,2026-04-04,,1280.0,1200.0,,,,1280.0,,,
tyrese maxey,assists,12.5,True,2026-04-04,,2000.0,,,,,2000.0,,,
tyrese maxey,assists,13.5,True,2026-04-04,,2900.0,,,,,2900.0,,,
tyrese maxey,points,14.5,True,2026-04-04,,-3400.0,-5000.0,,,,-3400.0,,,
tyrese maxey,points,17.5,True,2026-04-04,,-1080.0,,,,,-1080.0,,,
tyrese maxey,points,18.5,True,2026-04-04,,,-1100.0,,,,-1100.0,,,
tyrese maxey,points,19.5,True,2026-04-04,-625.0,-620.0,-720.0,,,430.0,-620.0,,430.0,
tyrese maxey,points,20.5,True,2026-04-04,,,-580.0,,,360.0,-580.0,,360.0,
tyrese maxey,points,21.5,True,2026-04-04,,,-440.0,,,290.0,-440.0,,290.0,
tyrese maxey,points,22.5,True,2026-04-04,,,-340.0,,,235.0,-340.0,,235.0,
tyrese maxey,points,23.5,True,2026-04-04,,,-275.0,,,198.0,-275.0,,198.0,
tyrese maxey,points,24.5,True,2026-04-04,-190.0,-214.0,-215.0,,,164.0,-190.0,,164.0,
tyrese maxey,points,25.5,True,2026-04-04,,,-180.0,,,134.0,-180.0,,134.0,
tyrese maxey,points,26.5,False,2026-04-04,-125.0,,,-105.0,,,-125.0,,-105.0,
tyrese maxey,points,26.5,True,2026-04-04,,,-146.0,,,110.0,-146.0,,110.0,
tyrese maxey,points,27.5,False,2026-04-04,,-123.0,-115.0,,-104.0,-111.0,-115.0,,-104.0,
tyrese maxey,points,27.5,True,2026-04-04,,-122.0,-118.0,,,-112.0,-118.0,,-112.0,
tyrese maxey,points,28.5,True,2026-04-04,,,106.0,,,-140.0,106.0,,-140.0,
tyrese maxey,points,29.5,True,2026-04-04,140.0,115.0,132.0,,,-174.0,140.0,,-174.0,
tyrese maxey,points,30.5,True,2026-04-04,,,158.0,,,-215.0,158.0,,-215.0,
tyrese maxey,points,31.5,True,2026-04-04,,,188.0,,,-260.0,188.0,,-260.0,
tyrese maxey,points,32.5,True,2026-04-04,,,225.0,,,-320.0,225.0,,-320.0,
tyrese maxey,points,33.5,True,2026-04-04,,,270.0,,,-400.0,270.0,,-400.0,
tyrese maxey,points,34.5,True,2026-04-04,360.0,273.0,320.0,,,-470.0,360.0,,-470.0,
tyrese maxey,points,35.5,True,2026-04-04,,,370.0,,,-600.0,370.0,,-600.0,
tyrese maxey,points,36.5,True,2026-04-04,,,430.0,,,-750.0,430.0,,-750.0,
tyrese maxey,points,37.5,True,2026-04-04,,,,,,-1100.0,,,-1100.0,
tyrese maxey,points,38.5,True,2026-04-04,,,,,,-1450.0,,,-1450.0,
tyrese maxey,points,39.5,True,2026-04-04,,630.0,800.0,,,,800.0,,,
tyrese maxey,points,44.5,True,2026-04-04,,1400.0,1500.0,,,,1500.0,,,
tyrese maxey,points,49.5,True,2026-04-04,,2600.0,3500.0,,,,3500.0,,,
tyrese maxey,rebounds,2.5,True,2026-04-04,-300.0,-351.0,-380.0,,,260.0,-300.0,,260.0,
tyrese maxey,rebounds,3.5,False,2026-04-04,-125.0,-144.0,-146.0,-105.0,109.0,114.0,-125.0,,114.0,
tyrese maxey,rebounds,3.5,True,2026-04-04,,-143.0,-146.0,,,114.0,-143.0,,114.0,
tyrese maxey,rebounds,4.5,True,2026-04-04,165.0,146.0,154.0,,,-210.0,165.0,,-210.0,
tyrese maxey,rebounds,5.5,True,2026-04-04,,297.0,310.0,,,-470.0,310.0,,-470.0,
tyrese maxey,rebounds,6.5,True,2026-04-04,625.0,577.0,,,,-1400.0,625.0,,-1400.0,
tyrese maxey,rebounds,7.5,True,2026-04-04,,1100.0,1100.0,,,,1100.0,,,
tyrese maxey,threes,0.5,True,2026-04-04,,-2900.0,-4000.0,,,,-2900.0,,,
tyrese maxey,threes,1.5,True,2026-04-04,-450.0,-457.0,-440.0,,,,-440.0,,,
tyrese maxey,threes,2.5,False,2026-04-04,-140.0,-154.0,-142.0,105.0,117.0,112.0,-140.0,,117.0,
tyrese maxey,threes,2.5,True,2026-04-04,-140.0,-156.0,-142.0,,,,-140.0,,,
tyrese maxey,threes,3.5,True,2026-04-04,175.0,151.0,180.0,,,,180.0,,,
tyrese maxey,threes,4.5,True,2026-04-04,390.0,324.0,430.0,,,,430.0,,,
tyrese maxey,threes,5.5,True,2026-04-04,,650.0,870.0,,,,870.0,,,
tyrese maxey,threes,6.5,True,2026-04-04,,1260.0,1500.0,,,,1500.0,,,
tyrese maxey,threes,7.5,True,2026-04-04,,2200.0,3500.0,,,,3500.0,,,
victor wembanyama,points,34.5,True,2026-04-04,,135.0,,,,,135.0,,,
victor wembanyama,points,39.5,True,2026-04-04,,1100.0,,,,,1100.0,,,
vj edgecombe,assists,1.5,True,2026-04-04,,,-2200.0,,,,-2200.0,,,
vj edgecombe,assists,2.5,True,2026-04-04,-600.0,-487.0,-500.0,,,320.0,-487.0,,320.0,
vj edgecombe,assists,3.5,True,2026-04-04,,-193.0,-192.0,,,148.0,-192.0,,148.0,
vj edgecombe,assists,4.5,False,2026-04-04,100.0,114.0,124.0,-135.0,-150.0,-158.0,124.0,,-135.0,
vj edgecombe,assists,4.5,True,2026-04-04,100.0,114.0,120.0,,,-160.0,120.0,,-160.0,
vj edgecombe,assists,5.5,True,2026-04-04,,226.0,255.0,,,-350.0,255.0,,-350.0,
vj edgecombe,assists,6.5,True,2026-04-04,390.0,446.0,490.0,,,-900.0,490.0,,-900.0,
vj edgecombe,assists,7.5,True,2026-04-04,,840.0,900.0,,,,900.0,,,
vj edgecombe,assists,8.5,True,2026-04-04,,1520.0,,,,,1520.0,,,
vj edgecombe,assists,9.5,True,2026-04-04,,2500.0,2500.0,,,,2500.0,,,
vj edgecombe,points,7.5,True,2026-04-04,,-1980.0,,,,,-1980.0,,,
vj edgecombe,points,9.5,True,2026-04-04,-900.0,-800.0,-850.0,,,490.0,-800.0,,490.0,
vj edgecombe,points,10.5,True,2026-04-04,,,-580.0,,,360.0,-580.0,,360.0,
vj edgecombe,points,11.5,True,2026-04-04,,-390.0,-400.0,,,270.0,-390.0,,270.0,
vj edgecombe,points,12.5,True,2026-04-04,,,-290.0,,,205.0,-290.0,,205.0,
vj edgecombe,points,13.5,True,2026-04-04,,,-225.0,,,164.0,-225.0,,164.0,
vj edgecombe,points,14.5,True,2026-04-04,-190.0,-165.0,-166.0,,,124.0,-165.0,,124.0,
vj edgecombe,points,15.5,False,2026-04-04,,-127.0,-125.0,,100.0,-102.0,-125.0,,100.0,
vj edgecombe,points,15.5,True,2026-04-04,,-128.0,-130.0,,,-102.0,-128.0,,-102.0,
vj edgecombe,points,16.5,False,2026-04-04,100.0,,,-135.0,,,100.0,,-135.0,
vj edgecombe,points,16.5,True,2026-04-04,,,100.0,,,-132.0,100.0,,-132.0,
vj edgecombe,points,17.5,True,2026-04-04,,127.0,126.0,,,-168.0,127.0,,-168.0,
vj edgecombe,points,18.5,True,2026-04-04,,,162.0,,,-220.0,162.0,,-220.0,
vj edgecombe,points,19.5,True,2026-04-04,180.0,201.0,200.0,,,-280.0,201.0,,-280.0,
vj edgecombe,points,20.5,True,2026-04-04,,,250.0,,,-360.0,250.0,,-360.0,
vj edgecombe,points,21.5,True,2026-04-04,,,310.0,,,-470.0,310.0,,-470.0,
vj edgecombe,points,22.5,True,2026-04-04,,,390.0,,,-650.0,390.0,,-650.0,
vj edgecombe,points,23.5,True,2026-04-04,,,470.0,,,-850.0,470.0,,-850.0,
vj edgecombe,points,24.5,True,2026-04-04,550.0,610.0,600.0,,,,610.0,,,
vj edgecombe,points,29.5,True,2026-04-04,,1720.0,1500.0,,,,1720.0,,,
vj edgecombe,rebounds,2.5,True,2026-04-04,-800.0,-670.0,-1200.0,,,,-670.0,,,
vj edgecombe,rebounds,3.5,True,2026-04-04,,-288.0,-400.0,,,270.0,-288.0,,270.0,
vj edgecombe,rebounds,4.5,False,2026-04-04,-150.0,-146.0,,110.0,111.0,,-146.0,,111.0,
vj edgecombe,rebounds,4.5,True,2026-04-04,-150.0,-149.0,-172.0,,,128.0,-149.0,,128.0,
vj edgecombe,rebounds,5.5,False,2026-04-04,,,124.0,,,-160.0,124.0,,-160.0,
vj edgecombe,rebounds,5.5,True,2026-04-04,,120.0,122.0,,,-162.0,122.0,,-162.0,
vj edgecombe,rebounds,6.5,True,2026-04-04,250.0,208.0,225.0,,,-320.0,250.0,,-320.0,
vj edgecombe,rebounds,7.5,True,2026-04-04,,346.0,410.0,,,-700.0,410.0,,-700.0,
vj edgecombe,rebounds,8.5,True,2026-04-04,,574.0,,,,,574.0,,,
vj edgecombe,rebounds,9.5,True,2026-04-04,,950.0,1100.0,,,,1100.0,,,
vj edgecombe,rebounds,10.5,True,2026-04-04,,1480.0,,,,,1480.0,,,
vj edgecombe,threes,0.5,True,2026-04-04,-700.0,-670.0,-720.0,,,,-670.0,,,
vj edgecombe,threes,1.5,False,2026-04-04,-150.0,-150.0,-142.0,110.0,113.0,112.0,-142.0,,113.0,
vj edgecombe,threes,1.5,True,2026-04-04,-150.0,-146.0,-142.0,,,,-142.0,,,
vj edgecombe,threes,2.5,True,2026-04-04,200.0,205.0,220.0,,,,220.0,,,
vj edgecombe,threes,3.5,True,2026-04-04,500.0,532.0,600.0,,,,600.0,,,
vj edgecombe,threes,4.5,True,2026-04-04,,1260.0,1400.0,,,,1400.0,,,
vj edgecombe,threes,5.5,True,2026-04-04,,2400.0,,,,,2400.0,,,
